company,rank,revenue,profit,employees,sector,city,state,ceo_woman,prev_rank,CEO,Foundation
Walmart,1.0,523964.0,14881.0,2200000.0,Retailing,Bentonville,AR,no,1.0,C. Douglas McMillon,1962-07-02
Amazon,2.0,280522.0,11588.0,798000.0,Retailing,Seattle,WA,no,5.0,Jeffrey P. Bezos,1994-07-05
Exxon Mobil,3.0,264938.0,14340.0,74900.0,Energy,Irving,TX,no,2.0,Darren W. Woods,1999-11-30
Apple,4.0,260174.0,55256.0,137000.0,Technology,Cupertino,CA,no,3.0,Timothy D. Cook,1976-04-01
CVS Health,5.0,256776.0,6634.0,290000.0,Health Care,Woonsocket,RI,yes,8.0,Karen S. Lynch,1963-05-08
Berkshire Hathaway,6.0,254616.0,81417.0,391500.0,Financials,Omaha,NE,no,4.0,Warren E. Buffett,1839-01-01
UnitedHealth Group,7.0,242155.0,13839.0,325000.0,Health Care,Minnetonka,MN,no,6.0,Andrew P. Witty,1977-01-01
McKesson,8.0,214319.0,34.0,70000.0,Health Care,Irving,TX,no,7.0,Brian S. Tyler,1833-01-01
AT&T,9.0,181193.0,13903.0,247800.0,Telecommunications,Dallas,TX,no,9.0,John T. Stankey,1983-10-05
AmerisourceBergen,10.0,179589.1,855.4,21500.0,Health Care,Chesterbrook,PA,no,10.0,Steven H. Collis,2001-01-01
Alphabet,11.0,161857.0,34343.0,118899.0,Technology,Mountain View,CA,no,15.0,Sundar Pichai,2015-10-02
Ford Motor,12.0,155900.0,47.0,190000.0,Motor Vehicles & Parts,Dearborn,MI,no,12.0,James D. Farley Jr.,1903-06-16
Cigna,13.0,153566.0,5104.0,73700.0,Health Care,Bloomfield,CT,no,65.0,David Cordani,1982-01-01
Costco Wholesale,14.0,152703.0,3659.0,201500.0,Retailing,Issaquah,WA,no,14.0,W. Craig Jelinek,1983-09-15
Chevron,15.0,146516.0,2924.0,48200.0,Energy,San Ramon,CA,no,11.0,Michael K. Wirth,1879-10-09
Cardinal Health,16.0,145534.0,1363.0,49500.0,Health Care,Dublin,OH,no,16.0,Michael C. Kaufmann,1971-01-01
JPMorgan Chase,17.0,142422.0,36431.0,256981.0,Financials,New York,NY,no,18.0,James Dimon,2000-12-31
General Motors,18.0,137237.0,6732.0,164000.0,Motor Vehicles & Parts,Detroit,MI,yes,13.0,Mary T. Barra,1908-09-16
Walgreens Boots Alliance,19.0,136866.0,3982.0,287000.0,Food & Drug Stores,Deerfield,IL,no,17.0,Stefano Pessina,2014-12-31
Verizon Communications,20.0,131868.0,19265.0,135000.0,Telecommunications,New York,NY,no,19.0,Hans E. Vestberg,1983-10-07
Microsoft,21.0,125843.0,39240.0,144000.0,Technology,Redmond,WA,no,26.0,Satya Nadella,1975-04-04
Marathon Petroleum,22.0,124813.0,2637.0,60910.0,Energy,Findlay,OH,no,31.0,Michael J. Hennigan,2009-11-09
Kroger,23.0,122286.0,1659.0,435000.0,Food & Drug Stores,Cincinnati,OH,no,20.0,W. Rodney McMullen,1883-01-01
Fannie Mae,24.0,120304.0,14160.0,7500.0,Financials,Washington,DC,no,22.0,Hugh R. Frater,1938-01-01
Bank of America,25.0,113589.0,27430.0,208131.0,Financials,Charlotte,NC,no,25.0,Brian T. Moynihan,1998-09-30
Home Depot,26.0,110225.0,11242.0,415700.0,Retailing,Atlanta,GA,no,27.0,Craig A. Menear,1978-06-29
Phillips 66,27.0,109559.0,3076.0,14500.0,Energy,Houston,TX,no,23.0,Greg C. Garland,2012-01-01
Comcast,28.0,108942.0,13057.0,190000.0,Telecommunications,Philadelphia,PA,no,32.0,Brian L. Roberts,
Anthem,29.0,104213.0,4807.0,70600.0,Health Care,Indianapolis,IN,yes,33.0,Gail K. Boudreaux,
Wells Fargo,30.0,103915.0,19549.0,259800.0,Financials,San Francisco,CA,no,29.0,Charles W. Scharf,
Citigroup,31.0,103449.0,19401.0,200000.0,Financials,New York,NY,yes,30.0,Jane Fraser,
Valero Energy,32.0,102729.0,2422.0,10222.0,Energy,San Antonio,TX,no,24.0,Joseph W. Gorder,
General Electric,33.0,95214.0,-4979.0,205000.0,Industrials,Boston,MA,no,21.0,H. Lawrence Culp Jr.,
Dell Technologies,34.0,92154.0,4616.0,165000.0,Technology,Round Rock,TX,no,34.0,Michael S. Dell,
Johnson & Johnson,35.0,82059.0,15119.0,132200.0,Health Care,New Brunswick,NJ,no,37.0,Alex Gorsky,
State Farm Insurance,36.0,79395.3,5592.7,57672.0,Financials,Bloomington,IL,no,36.0,Michael L. Tipsord,
Target,37.0,78112.0,3281.0,368000.0,Retailing,Minneapolis,MN,no,39.0,Brian C. Cornell,
IBM,38.0,77147.0,9431.0,383800.0,Technology,Armonk,NY,no,38.0,Arvind Krishna,
Raytheon Technologies,39.0,77046.0,5537.0,243200.0,Aerospace & Defense,Waltham,MA,no,46.0,Gregory J. Hayes,
Boeing,40.0,76559.0,-636.0,161100.0,Aerospace & Defense,Chicago,IL,no,28.0,David L. Calhoun,
Freddie Mac,41.0,75125.0,7214.0,6892.0,Financials,McLean,VA,no,40.0,Michael T. Hutchins,
Centene,42.0,74639.0,1321.0,56600.0,Health Care,St. Louis,MO,no,51.0,Michael F. Neidorff,
UPS,43.0,74094.0,4440.0,377640.0,Transportation,Atlanta,GA,yes,41.0,Carol B. Tomé,
Intel,45.0,71965.0,21048.0,110800.0,Technology,Santa Clara,CA,no,43.0,Patrick P. Gelsinger,
Facebook,46.0,70697.0,18485.0,44942.0,Technology,Menlo Park,CA,no,57.0,Mark Zuckerberg,
FedEx,47.0,69693.0,540.0,389500.0,Transportation,Memphis,TN,no,47.0,Frederick W. Smith,
MetLife,48.0,69620.0,5899.0,49000.0,Financials,New York,NY,no,44.0,Michel A. Khalaf,
Walt Disney,49.0,69570.0,11054.0,223000.0,Media,Burbank,CA,no,53.0,Robert A. Chapek,
Procter & Gamble,50.0,67684.0,3897.0,97000.0,Household Products,Cincinnati,OH,no,45.0,David S. Taylor,
PepsiCo,51.0,67161.0,7314.0,267000.0,Food, Beverages & Tobacco,Purchase,NY,no,48.0,Ramon L. Laguarta,
Humana,52.0,64888.0,2707.0,46000.0,Health Care,Louisville,KY,no,56.0,Bruce D. Broussard,
Prudential Financial (U.S.),53.0,64807.0,4186.0,51511.0,Financials,Newark,NJ,no,50.0,Charles F. Lowrey,
Archer Daniels Midland,54.0,64656.0,1379.0,38100.0,Food, Beverages & Tobacco,Chicago,IL,no,49.0,Juan R. Luciano,
Albertsons,55.0,60534.5,131.1,267000.0,Food & Drug Stores,Boise,ID,no,52.0,Vivek Sankaran,
Sysco,56.0,60113.9,1674.3,69000.0,Wholesalers,Houston,TX,no,54.0,Kevin P. Hourican,
Lockheed Martin,57.0,59812.0,6230.0,110000.0,Aerospace & Defense,Bethesda,MD,no,60.0,James D. Taiclet Jr.,
HP,58.0,58756.0,3152.0,56000.0,Technology,Palo Alto,CA,no,55.0,Enrique J. Lores,
Energy Transfer,59.0,54213.0,3592.0,12812.0,Energy,Dallas,TX,no,59.0,Mackie McCrea/Tom Long,
Goldman Sachs Group,60.0,53922.0,8466.0,38300.0,Financials,New York,NY,no,62.0,David M. Solomon,
Morgan Stanley,61.0,53823.0,9042.0,60431.0,Financials,New York,NY,no,63.0,James P. Gorman,
Caterpillar,62.0,53800.0,6093.0,102300.0,Industrials,Deerfield,IL,no,58.0,D. James Umpleby III,
Cisco Systems,63.0,51904.0,11621.0,75900.0,Technology,San Jose,CA,no,64.0,Charles H. Robbins,
Pfizer,64.0,51750.0,16273.0,88300.0,Health Care,New York,NY,no,61.0,Albert Bourla,
HCA Healthcare,65.0,51336.0,3505.0,245000.0,Health Care,Nashville,TN,no,67.0,Samuel N. Hazen,
American International Group,66.0,49746.0,3348.0,46000.0,Financials,New York,NY,no,66.0,Peter S. Zaffino,
American Express,67.0,47020.0,6759.0,64500.0,Financials,New York,NY,no,72.0,Stephen J. Squeri,
Delta Air Lines,68.0,47007.0,4767.0,91224.0,Transportation,Atlanta,GA,no,69.0,Edward H. Bastian,
Merck,69.0,46840.0,9843.0,71000.0,Health Care,Kenilworth,NJ,no,76.0,Kenneth C. Frazier,
American Airlines Group,70.0,45768.0,1686.0,133700.0,Transportation,Fort Worth,TX,no,68.0,W. Douglas Parker,
Charter Communications,71.0,45764.0,1668.0,95100.0,Telecommunications,Stamford,CT,no,70.0,Thomas M. Rutledge,
Allstate,72.0,44675.0,4847.0,46035.0,Financials,Northbrook,IL,no,82.0,Thomas J. Wilson,
New York Life Insurance,73.0,44116.6,1003.8,11519.0,Financials,New York,NY,no,71.0,Theodore A. Mathas,
Nationwide,74.0,43982.0,829.7,28114.0,Financials,Columbus,OH,no,73.0,Kirt A. Walker,
Best Buy,75.0,43638.0,1541.0,125000.0,Retailing,Richfield,MN,yes,74.0,Corie Barry,
United Airlines Holdings,76.0,43259.0,3009.0,96000.0,Transportation,Chicago,IL,no,78.0,J. Scott Kirby,
Liberty Mutual Insurance Group,77.0,43228.0,1044.0,45000.0,Financials,Boston,MA,no,75.0,David H. Long,
Dow,78.0,42951.0,-1359.0,36500.0,Chemicals,Midland,MI,no,,James R. Fitterling,
Tyson Foods,79.0,42405.0,2022.0,141000.0,Food, Beverages & Tobacco,Springdale,AR,no,80.0,Dean Banks,
TJX,80.0,41717.0,3272.2,286000.0,Retailing,Framingham,MA,no,85.0,Ernie L. Herrman,
TIAA,81.0,40454.4,2460.1,16533.0,Financials,New York,NY,no,79.0,Roger W. Ferguson Jr.,
Oracle,82.0,39506.0,11083.0,136000.0,Technology,Redwood City,CA,yes,81.0,Safra A. Catz,
General Dynamics,83.0,39350.0,3484.0,102900.0,Aerospace & Defense,Reston,VA,yes,92.0,Phebe N. Novakovic,
Deere,84.0,39258.0,3253.0,73489.0,Industrials,Moline,IL,no,87.0,John C. May,
Nike,85.0,39117.0,4029.0,76700.0,Apparel,Beaverton,OR,no,90.0,John J. Donahoe II,
Progressive,86.0,39022.3,3970.3,41571.0,Financials,Mayfield Village,OH,yes,99.0,Susan Patricia Griffith,
Publix Super Markets,87.0,38462.8,3005.4,207000.0,Food & Drug Stores,Lakeland,FL,no,91.0,Randall T. Jones Sr.,
Coca-Cola,88.0,37266.0,8920.0,86200.0,Food, Beverages & Tobacco,Atlanta,GA,no,100.0,James R. Quincey,
Massachusetts Mutual Life,89.0,37253.4,3700.7,9896.0,Financials,Springfield,MA,no,84.0,Roger W. Crandall,
Tech Data,90.0,36998.4,374.5,15000.0,Wholesalers,Clearwater,FL,no,88.0,Richard T. Hume,
World Fuel Services,91.0,36819.0,178.9,5500.0,Energy,Miami,FL,no,83.0,Michael J. Kasbar,
Honeywell International,92.0,36709.0,6143.0,113000.0,Industrials,Charlotte,NC,no,77.0,Darius E. Adamczyk,
ConocoPhillips,93.0,36670.0,7189.0,10400.0,Energy,Houston,TX,no,86.0,Ryan M. Lance,
USAA,94.0,35617.4,4006.3,35076.0,Financials,San Antonio,TX,no,101.0,Wayne Peacock,
Exelon,95.0,34438.0,2936.0,32713.0,Energy,Chicago,IL,no,93.0,Christopher M. Crane,
Northrop Grumman,96.0,33841.0,2248.0,90000.0,Aerospace & Defense,Falls Church,VA,yes,108.0,Kathy J. Warden,
Capital One Financial,97.0,33766.0,5546.0,51900.0,Financials,McLean,VA,no,98.0,Richard D. Fairbank,
Plains GP Holdings,98.0,33669.0,331.0,5000.0,Energy,Houston,TX,no,94.0,Wilfred C.W. Chiang,
AbbVie,99.0,33266.0,7882.0,30000.0,Health Care,North Chicago,IL,no,96.0,Richard A. Gonzalez,
StoneX Group,100.0,32897.0,85.1,2012.0,Financials,New York,NY,no,112.0,Sean O'Connor,
Enterprise Products Partners,101.0,32789.2,4591.3,7300.0,Energy,Houston,TX,no,89.0,A. James Teague /W. Randall Fowler,
Northwestern Mutual,102.0,32293.6,1268.0,5964.0,Financials,Milwaukee,WI,no,111.0,John E. Schlifske,
3M,103.0,32136.0,4570.0,96163.0,Chemicals,St. Paul,MN,no,95.0,Michael F. Roman,
Abbott Laboratories,104.0,31904.0,3687.0,107000.0,Health Care,Abbott Park,IL,no,103.0,Robert B. Ford,
CHS,105.0,31900.5,829.9,10703.0,Food, Beverages & Tobacco,Inver Grove Heights,MN,no,97.0,Jay D. Debertin,
Travelers Cos.,106.0,31581.0,2622.0,30800.0,Financials,New York,NY,no,106.0,Alan D. Schnitzer,
Philip Morris International,107.0,29805.0,7185.0,73500.0,Food, Beverages & Tobacco,New York,NY,no,110.0,André Calantzopoulos,
Raytheon,108.0,29176.0,3343.0,70000.0,Aerospace & Defense,Waltham,MA,no,114.0,Roy A. Azevedo/Wesley D. Kramer,
Hewlett Packard Enterprise,109.0,29135.0,1049.0,61600.0,Technology,San Jose,CA,no,102.0,Antonio F. Neri,
Arrow Electronics,110.0,28916.8,-204.1,19300.0,Wholesalers,Centennial,CO,no,109.0,Michael J. Long,
ViacomCBS,111.0,27812.0,3308.0,26280.0,Media,New York,NY,no,217.0,Robert M. Bakish,
Dollar General,112.0,27754.0,1712.6,143000.0,Retailing,Goodlettsville,TN,no,119.0,Todd J. Vasos,
U.S. Bancorp,113.0,27325.0,6914.0,69651.0,Financials,Minneapolis,MN,no,117.0,Andrew J. Cecere,
Starbucks,114.0,26508.6,3599.2,346000.0,Hotels, Restaurants & Leisure,Seattle,WA,no,121.0,Kevin R. Johnson,
Bristol-Myers Squibb,115.0,26145.0,3439.0,30000.0,Health Care,New York,NY,no,138.0,Giovanni Caforio,
US Foods Holding,116.0,25939.0,385.0,28000.0,Wholesalers,Rosemont,IL,no,125.0,Pietro Satriano,
Mondelez International,117.0,25868.0,3870.0,80000.0,Food, Beverages & Tobacco,Deerfield,IL,no,116.0,Dirk Van de Put,
Paccar,118.0,25599.7,2387.9,27000.0,Industrials,Bellevue,WA,no,130.0,R. Preston Feight,
Thermo Fisher Scientific,119.0,25542.0,3696.0,75000.0,Technology,Waltham,MA,no,124.0,Marc N. Casper,
Jabil,121.0,25282.3,287.1,200000.0,Technology,St. Petersburg,FL,no,140.0,Mark T. Mondello,
Kraft Heinz,122.0,24977.0,1935.0,37000.0,Food, Beverages & Tobacco,Chicago,IL,no,115.0,Miguel Patricio,
Duke Energy,123.0,24658.0,3748.0,28793.0,Energy,Charlotte,NC,yes,126.0,Lynn J. Good,
Tesla,124.0,24578.0,-862.0,48016.0,Motor Vehicles & Parts,Palo Alto,CA,no,144.0,Elon Musk,
PBF Energy,125.0,24508.2,319.4,3442.0,Energy,Parsippany,NJ,no,113.0,Thomas J. Nimbley,
Qualcomm,126.0,24273.0,4386.0,37000.0,Technology,San Diego,CA,no,137.0,Steven M. Mollenkopf,
NGL Energy Partners,127.0,24087.8,360.0,1300.0,Energy,Tulsa,OK,no,179.0,H. Michael Krimbill,
CBRE Group,128.0,23894.1,1282.4,100000.0,Financials,Los Angeles,CA,no,146.0,Robert E. Sulentic,
Baker Hughes,129.0,23838.0,128.0,68000.0,Energy,Houston,TX,no,,Lorenzo Simonelli,
Synnex,130.0,23757.3,500.7,240900.0,Wholesalers,Fremont,CA,no,158.0,Dennis Polk,
Dollar Tree,131.0,23610.8,827.0,125000.0,Retailing,Chesapeake,VA,no,135.0,Michael A. Witynski,
Cummins,132.0,23571.0,2260.0,61615.0,Industrials,Columbus,IN,no,128.0,N. Thomas Linebarger,
United Natural Foods,133.0,23481.1,-285.0,19000.0,Wholesalers,Providence,RI,no,310.0,Steven L. Spinner,
Micron Technology,134.0,23406.0,6313.0,37000.0,Technology,Boise,ID,no,105.0,Sanjay Mehrotra,
Amgen,135.0,23362.0,7842.0,23400.0,Health Care,Thousand Oaks,CA,no,129.0,Robert A. Bradway,
Penske Automotive Group,136.0,23179.4,435.8,26980.0,Retailing,Bloomfield Hills,MI,no,136.0,Roger S. Penske,
Visa,137.0,22977.0,12080.0,19500.0,Business Services,San Francisco,CA,no,153.0,Alfred F. Kelly Jr.,
Broadcom,138.0,22597.0,2724.0,19000.0,Technology,San Jose,CA,no,150.0,Hock E. Tan,
Nucor,139.0,22588.9,1271.1,26800.0,Materials,Charlotte,NC,no,120.0,Leon J. Topalian,
Gilead Sciences,140.0,22449.0,5386.0,11800.0,Health Care,Foster City,CA,no,139.0,Daniel P. O'Day,
Southwest Airlines,141.0,22428.0,2300.0,60767.0,Transportation,Dallas,TX,no,142.0,Gary C. Kelly,
Halliburton,142.0,22408.0,-1131.0,55000.0,Energy,Houston,TX,no,127.0,Jeffrey A. Miller,
Lumen Technologies,143.0,22401.0,-5269.0,42500.0,Telecommunications,Monroe,LA,no,132.0,Jeffrey K. Storey,
International Paper,144.0,22376.0,1225.0,51000.0,Materials,Memphis,TN,no,133.0,Mark S. Sutton,
Eli Lilly,145.0,22319.5,8318.4,33625.0,Health Care,Indianapolis,IN,no,123.0,David A. Ricks,
Aflac,146.0,22307.0,3304.0,11729.0,Financials,Columbus,GA,no,143.0,Daniel P. Amos,
Lennar,147.0,22259.6,1849.1,10106.0,Engineering & Construction,Miami,FL,no,154.0,Richard Beckwitt/Jon M. Jaffe,
Occidental Petroleum,148.0,21971.0,-667.0,14400.0,Energy,Houston,TX,yes,167.0,Vicki A. Hollub,
Union Pacific,149.0,21708.0,5919.0,37483.0,Transportation,Omaha,NE,no,134.0,Lance M. Fritz,
Rite Aid,150.0,21674.4,-422.2,42645.0,Food & Drug Stores,Camp Hill,PA,yes,107.0,Heyward Donigan,
PNC Financial Services Group,151.0,21624.0,5369.0,50968.0,Financials,Pittsburgh,PA,no,159.0,William S. Demchak,
DuPont,152.0,21512.0,498.0,35000.0,Chemicals,Wilmington,DE,no,35.0,Edward D. Breen,
Southern Company,153.0,21419.0,4739.0,27943.0,Energy,Atlanta,GA,no,131.0,Thomas A. Fanning,
AutoNation,154.0,21335.7,450.0,25000.0,Retailing,Fort Lauderdale,FL,no,145.0,Michael J. Jackson,
DXC Technology,155.0,21184.0,1257.0,130000.0,Technology,Tysons,VA,no,122.0,Michael J. Salvino,
Marriott International,157.0,20972.0,1273.0,174000.0,Hotels, Restaurants & Leisure,Bethesda,MD,no,151.0,Anthony Capuano,
ManpowerGroup,158.0,20863.5,465.7,28000.0,Business Services,Milwaukee,WI,no,141.0,Jonas Prising,
Bank of New York Mellon,159.0,20822.0,4441.0,48400.0,Financials,New York,NY,no,163.0,Thomas P. Gibbons,
Hartford Financial Services Group,160.0,20740.0,2085.0,19500.0,Financials,Hartford,CT,no,161.0,Christopher J. Swift,
Danaher,161.0,20521.2,3008.2,60000.0,Health Care,Washington,DC,no,160.0,Rainer M. Blair,
Whirlpool,162.0,20419.0,1184.0,77000.0,Industrials,Benton Harbor,MI,no,148.0,Marc R. Bitzer,
AECOM,163.0,20173.3,-261.1,86000.0,Engineering & Construction,Los Angeles,CA,no,157.0,W. Troy Rudd,
Netflix,164.0,20156.4,1866.9,8600.0,Media,Los Gatos,CA,no,197.0,Reed Hastings/Ted Sarandos,
Lear,166.0,19810.3,753.6,164100.0,Motor Vehicles & Parts,Southfield,MI,no,147.0,Raymond E. Scott,
Altria Group,167.0,19796.0,-1293.0,7300.0,Food, Beverages & Tobacco,Richmond,VA,no,162.0,William F. Gifford Jr.,
Performance Food Group,168.0,19743.5,166.8,18000.0,Wholesalers,Richmond,VA,no,176.0,George L. Holm,
Avnet,169.0,19518.6,176.3,15500.0,Wholesalers,Phoenix,AZ,no,165.0,Philip R. Gallagher,
Synchrony Financial,170.0,19461.0,3747.0,16500.0,Financials,Stamford,CT,yes,173.0,Margaret M. Keane,
Genuine Parts,171.0,19392.3,621.1,55000.0,Wholesalers,Atlanta,GA,no,169.0,Paul D. Donahue,
NextEra Energy,172.0,19204.0,3769.0,14800.0,Energy,Juno Beach,FL,no,184.0,James L. Robo,
CarMax,173.0,19146.0,842.4,25946.0,Retailing,Richmond,VA,no,174.0,William D. Nash,
Tenet Healthcare,174.0,18479.0,-232.0,101104.0,Health Care,Dallas,TX,no,172.0,Ronald A. Rittenmeyer,
Kimberly-Clark,175.0,18450.0,2157.0,40000.0,Household Products,Irving,TX,no,171.0,Michael D. Hsu,
Emerson Electric,176.0,18372.0,2306.0,88000.0,Industrials,St. Louis,MO,no,178.0,Lal L. Karsanbhai,
WestRock,177.0,18289.0,862.9,51100.0,Materials,Atlanta,GA,no,190.0,David B. Sewell,
CDW,178.0,18032.4,736.8,9900.0,Technology,Lincolnshire,IL,yes,191.0,Christine A. Leahy,
Jones Lang LaSalle (JLL),179.0,17983.2,535.3,93400.0,Financials,Chicago,IL,no,189.0,Christian Ulbrich,
Sherwin-Williams,180.0,17900.8,1541.3,61111.0,Chemicals,Cleveland,OH,no,177.0,John G. Morikis,
Fluor,181.0,17817.2,-1305.0,53349.0,Engineering & Construction,Irving,TX,no,164.0,David E. Constable,
PayPal Holdings,182.0,17772.0,2459.0,23200.0,Business Services,San Jose,CA,no,204.0,Daniel H. Schulman,
D.R. Horton,183.0,17592.9,1618.5,8916.0,Engineering & Construction,Arlington,TX,no,194.0,David V. Auld,
HollyFrontier,184.0,17486.6,772.4,4074.0,Energy,Dallas,TX,no,175.0,Michael C. Jennings,
Tenneco,185.0,17450.0,-334.0,78000.0,Motor Vehicles & Parts,Lake Forest,IL,no,267.0,Brian J. Kesseler,
EOG Resources,186.0,17380.0,2734.9,2900.0,Energy,Houston,TX,no,181.0,William R. Thomas,
BD,187.0,17290.0,1233.0,70093.0,Health Care,Franklin Lakes,NJ,no,195.0,Thomas E. Polen,
Lincoln National,188.0,17258.0,886.0,11357.0,Financials,Radnor,PA,no,187.0,Dennis R. Glass,
PG&E,189.0,17129.0,-7656.0,23000.0,Energy,San Francisco,CA,yes,183.0,Patricia K. Poppe,
Salesforce,190.0,17098.0,126.0,49000.0,Technology,San Francisco,CA,no,240.0,Marc R. Benioff,
Mastercard,191.0,16883.0,8118.0,18600.0,Business Services,Purchase,NY,no,210.0,Michael Miebach,
General Mills,192.0,16865.2,1752.7,40000.0,Food, Beverages & Tobacco,Minneapolis,MN,no,200.0,Jeffrey L. Harmening,
Molina Healthcare,193.0,16829.0,737.0,10000.0,Health Care,Long Beach,CA,no,168.0,Joseph M. Zubretsky,
Cognizant Technology Solutions,194.0,16783.0,1842.0,292500.0,Technology,Teaneck,NJ,no,193.0,Brian Humphries,
Marsh & McLennan,195.0,16652.0,1742.0,76000.0,Financials,New York,NY,no,210.0,Daniel S. Glaser,
XPO Logistics,196.0,16648.0,419.0,100000.0,Transportation,Greenwich,CT,no,180.0,Bradley S. Jacobs,
Dominion Energy,197.0,16572.0,1358.0,19100.0,Energy,Richmond,VA,no,238.0,Robert M. Blue,
Western Digital,198.0,16569.0,-754.0,61800.0,Technology,San Jose,CA,no,152.0,David V. Goeckeler,
Gap,199.0,16383.0,351.0,129000.0,Retailing,San Francisco,CA,yes,186.0,Sonia Syngal,
Aramark,200.0,16227.3,448.5,233400.0,Business Services,Philadelphia,PA,no,198.0,John J. Zillmer,
Principal Financial,201.0,16222.1,1394.2,17601.0,Financials,Des Moines,IA,no,219.0,Daniel J. Houston,
Ross Stores,202.0,16039.1,1660.9,92500.0,Retailing,Dublin,CA,yes,209.0,Barbara Rentler,
Colgate-Palmolive,203.0,15693.0,2367.0,34300.0,Household Products,New York,NY,no,202.0,Noel R. Wallace,
American Electric Power,204.0,15561.4,1921.1,17408.0,Energy,Columbus,OH,no,192.0,Nicholas K. Akins,
Nordstrom,205.0,15524.0,496.0,75000.0,Retailing,Seattle,WA,no,196.0,Erik B. Nordstrom,
Jacobs Engineering Group,206.0,15463.6,848.0,50000.0,Engineering & Construction,Dallas,TX,no,208.0,Steven J. Demetriou,
Waste Management,207.0,15455.0,1670.0,44900.0,Business Services,Houston,TX,no,213.0,James C. Fish Jr.,
C.H. Robinson Worldwide,208.0,15309.5,577.0,15427.0,Transportation,Eden Prairie,MN,no,185.0,Robert C. Biesterfeld Jr.,
PPG Industries,209.0,15146.0,1243.0,47600.0,Chemicals,Pittsburgh,PA,no,205.0,Michael H. McGarry,
Booking Holdings,210.0,15066.0,4865.0,26400.0,Technology,Norwalk,CT,no,216.0,Glenn D. Fogel,
Omnicom Group,211.0,14953.7,1339.1,70000.0,Business Services,New York,NY,no,206.0,John D. Wren,
Loews,212.0,14931.0,932.0,18605.0,Financials,New York,NY,no,226.0,James S. Tisch,
Ecolab,213.0,14906.3,1558.9,50200.0,Chemicals,St. Paul,MN,no,215.0,Christophe Beck,
Stryker,214.0,14884.0,2083.0,40000.0,Health Care,Kalamazoo,MI,no,233.0,Kevin A. Lobo,
Estée Lauder,215.0,14863.0,1785.0,48000.0,Household Products,New York,NY,no,231.0,Fabrizio Freda,
Goodyear Tire & Rubber,216.0,14745.0,-311.0,63000.0,Motor Vehicles & Parts,Akron,OH,no,203.0,Richard J. Kramer,
Truist Financial,217.0,14664.0,3224.0,59000.0,Financials,Charlotte,NC,no,246.0,Kelly S. King,
Applied Materials,218.0,14608.0,2706.0,22000.0,Technology,Santa Clara,CA,no,182.0,Gary E. Dickerson,
BlackRock,219.0,14539.0,4476.0,16200.0,Financials,New York,NY,no,221.0,Laurence D. Fink,
Stanley Black & Decker,220.0,14442.2,955.8,59438.0,Household Products,New Britain,CT,no,228.0,James M. Loree,
Freeport-McMoRan,221.0,14402.0,-239.0,27500.0,Energy,Phoenix,AZ,no,170.0,Richard C. Adkerson,
Texas Instruments,222.0,14383.0,5017.0,29768.0,Technology,Dallas,TX,no,199.0,Richard K. Templeton,
Biogen,223.0,14377.9,5888.5,7400.0,Health Care,Cambridge,MA,no,235.0,Michel Vounatsos,
Parker-Hannifin,224.0,14320.3,1512.4,55610.0,Industrials,Cleveland,OH,no,218.0,Thomas L. Williams,
Reinsurance Group of America,225.0,14300.0,870.0,3188.0,Financials,Chesterfield,MO,yes,251.0,Anna Manning,
Howmet Aerospace,226.0,14192.0,470.0,41700.0,Aerospace & Defense,Pittsburgh,PA,no,227.0,John C. Plant/Tolga Oal,
Automatic Data Processing,227.0,14175.2,2292.8,58000.0,Business Services,Roseland,NJ,no,239.0,Carlos A. Rodriguez,
Uber Technologies,228.0,14147.0,-8506.0,26900.0,Technology,San Francisco,CA,no,,Dara Khosrowshahi,
Illinois Tool Works,229.0,14109.0,2521.0,45000.0,Industrials,Glenview,IL,no,214.0,E. Scott Santi,
DaVita,230.0,14101.5,811.0,65000.0,Health Care,Denver,CO,no,188.0,Javier J. Rodriguez,
Discover Financial Services,231.0,13989.0,2957.0,17200.0,Financials,Riverwoods,IL,no,253.0,Roger C. Hochschild,
VF,233.0,13870.6,1259.8,75000.0,Apparel,Greenwood Village,CO,no,252.0,Steven E. Rendle,
Corteva,234.0,13846.0,-959.0,21000.0,Food, Beverages & Tobacco,Wilmington,DE,no,,James C. Collins Jr.,
Las Vegas Sands,235.0,13739.0,2698.0,50000.0,Hotels, Restaurants & Leisure,Las Vegas,NV,no,230.0,Sheldon G. Adelson,
Textron,236.0,13630.0,815.0,35000.0,Aerospace & Defense,Providence,RI,no,229.0,Scott C. Donnelly,
Kellogg,237.0,13578.0,960.0,31000.0,Food, Beverages & Tobacco,Battle Creek,MI,no,234.0,Steven A. Cahillane,
Guardian Life Ins. Co. of America,238.0,13476.7,679.8,9032.0,Financials,New York,NY,no,244.0,Andrew J. McMahon,
Qurate Retail,239.0,13458.0,-456.0,25314.0,Retailing,Englewood,CO,no,225.0,Michael A. George,
Core-Mark Holding,240.0,13329.2,57.7,8555.0,Wholesalers,Westlake,TX,no,250.0,Scott E. McPherson,
Community Health Systems,241.0,13210.0,-675.0,71500.0,Health Care,Franklin,TN,no,223.0,Tim L. Hingtgen,
Kinder Morgan,242.0,13209.0,2190.0,11086.0,Energy,Houston,TX,no,224.0,Steven J. Kean,
BJ's Wholesale Club,243.0,13190.7,187.2,27231.0,Retailing,Westborough,MA,no,245.0,Lee Delaney,
State Street,244.0,13131.0,2242.0,39103.0,Financials,Boston,MA,no,247.0,Ronald P. O&#039,
Ameriprise Financial,245.0,13103.0,1893.0,12500.0,Financials,Minneapolis,MN,no,249.0,James M. Cracchiolo,
Global Partners,246.0,13081.7,35.9,3860.0,Wholesalers,Waltham,MA,no,254.0,Eric Slifka,
United States Steel,247.0,12937.0,-630.0,27500.0,Materials,Pittsburgh,PA,no,222.0,David B. Burritt,
L Brands,248.0,12914.2,-366.4,59950.0,Retailing,Columbus,OH,no,241.0,Andrew Menslow,
MGM Resorts International,249.0,12899.7,2049.1,72000.0,Hotels, Restaurants & Leisure,Las Vegas,NV,no,266.0,William J. Hornbuckle IV,
L3Harris Technologies,250.0,12856.0,1333.0,50000.0,Aerospace & Defense,Melbourne,FL,no,474.0,William M. Brown,
DISH Network,251.0,12807.7,1399.5,16000.0,Telecommunications,Englewood,CO,no,232.0,W. Erik Carlson,
Lithia Motors,252.0,12672.7,271.5,14320.0,Retailing,Medford,OR,no,265.0,Bryan B. DeBoer,
DTE Energy,253.0,12669.0,1169.0,10700.0,Energy,Detroit,MI,no,220.0,Gerardo Norcia,
American Family Insurance Group,254.0,12633.2,455.9,13531.0,Financials,Madison,WI,no,306.0,Jack C. Salzwedel,
Farmers Insurance Exchange,255.0,12592.5,55.3,10980.0,Financials,Woodland Hills,CA,no,270.0,Jeffrey J. Dailey,
Consolidated Edison,256.0,12574.0,1343.0,14890.0,Energy,New York,NY,no,259.0,Timothy Cawley,
LKQ,257.0,12506.1,541.3,51000.0,Wholesalers,Chicago,IL,no,262.0,Dominick P. Zarcone,
Sempra Energy,258.0,12443.0,2197.0,13969.0,Energy,San Diego,CA,no,269.0,Jeffrey W. Martin,
Edison International,259.0,12347.0,1284.0,12937.0,Energy,Rosemead,CA,no,255.0,Pedro J. Pizarro,
CenterPoint Energy,260.0,12301.0,791.0,14262.0,Energy,Houston,TX,no,299.0,David J. Lesar,
Quanta Services,261.0,12112.2,402.0,40300.0,Engineering & Construction,Houston,TX,no,283.0,Earl C. Austin Jr.,
Murphy USA,262.0,12101.3,154.8,7250.0,Retailing,El Dorado,AR,no,257.0,R. Andrew Clyde,
Expedia Group,263.0,12067.0,565.0,25400.0,Retailing,Seattle,WA,no,280.0,Peter M. Kern,
Group 1 Automotive,264.0,12043.8,174.0,15296.0,Retailing,Houston,TX,no,272.0,Earl J. Hesterberg,
Bed Bath & Beyond,265.0,12028.8,-137.2,62000.0,Retailing,Union,NJ,no,258.0,Mark J. Tritton,
Unum Group,266.0,11998.9,1100.3,10300.0,Financials,Chattanooga,TN,no,273.0,Richard P. McKenney,
CSX,267.0,11937.0,3331.0,20908.0,Transportation,Jacksonville,FL,no,260.0,James M. Foote,
AutoZone,268.0,11863.7,1617.2,75840.0,Retailing,Memphis,TN,no,281.0,William C. Rhodes III,
Pacific Life,269.0,11847.0,725.0,3815.0,Financials,Newport Beach,CA,no,298.0,James T. Morris,
Vistra Energy,270.0,11809.0,928.0,5475.0,Energy,Irving,TX,no,337.0,Curtis A. Morgan,
Charles Schwab,271.0,11785.0,3704.0,19700.0,Financials,San Francisco,CA,no,289.0,Walter W. Bettinger II,
Crown Holdings,272.0,11665.0,510.0,33043.0,Materials,Yardley,PA,no,284.0,Timothy J. Donahue,
Ally Financial,273.0,11618.0,1715.0,8700.0,Financials,Detroit,MI,no,303.0,Jeffrey J. Brown,
Laboratory Corp. of America (Labcorp),274.0,11554.8,823.8,65000.0,Health Care,Burlington,NC,no,278.0,Adam H. Schechter,
Live Nation Entertainment,275.0,11548.0,69.9,18200.0,Media,Beverly Hills,CA,no,292.0,Michael Rapino,
Xcel Energy,276.0,11529.0,1372.0,11295.0,Energy,Minneapolis,MN,no,274.0,Benjamin G.S. Fowke III,
Corning,277.0,11503.0,960.0,49500.0,Industrials,Corning,NY,no,279.0,Wendell P. Weeks,
W.W. Grainger,278.0,11486.0,849.0,24550.0,Wholesalers,Lake Forest,IL,no,282.0,D.G. Macpherson,
Ball,279.0,11474.0,566.0,18300.0,Materials,Broomfield,CO,no,271.0,John A. Hayes,
Fox,280.0,11389.0,1595.0,7700.0,Media,New York,NY,no,,Lachlan K. Murdoch,
Universal Health Services,281.0,11378.3,814.9,79050.0,Health Care,King of Prussia,PA,no,293.0,Marc. D Miller,
Baxter International,282.0,11362.0,1001.0,50000.0,Health Care,Deerfield,IL,no,286.0,,
Norfolk Southern,283.0,11296.0,2722.0,24587.0,Transportation,Norfolk,VA,no,277.0,James A. Squires,
Navistar International,284.0,11251.0,221.0,12300.0,Industrials,Lisle,IL,no,308.0,Persio V. Lisboa,
Adobe,285.0,11171.3,2951.5,22634.0,Technology,San Jose,CA,no,339.0,Shantanu Narayen,
J.C. Penney,286.0,11167.0,-268.0,90000.0,Retailing,Plano,TX,no,261.0,Stanley Shashoua,
Discovery,287.0,11144.0,2069.0,9200.0,Media,Silver Spring,MD,no,300.0,David M. Zaslav,
Keurig Dr Pepper,288.0,11120.0,1254.0,25500.0,Food, Beverages & Tobacco,Burlington,MA,no,409.0,Robert J. Gamgort,
Leidos Holdings,289.0,11094.0,667.0,34000.0,Technology,Reston,VA,no,311.0,Roger A. Krone,
IQVIA Holdings,290.0,11088.0,191.0,67000.0,Health Care,Durham,NC,no,305.0,Ari Bousbib,
Reliance Steel & Aluminum,291.0,10973.8,701.5,15300.0,Materials,Los Angeles,CA,no,275.0,James D. Hoffman,
Nvidia,292.0,10918.0,2796.0,13775.0,Technology,Santa Clara,CA,no,268.0,Jensen Huang,
Entergy,293.0,10878.7,1241.2,13635.0,Energy,New Orleans,LA,no,288.0,Leo P. Denault,
FirstEnergy,294.0,10850.0,912.0,12316.0,Energy,Akron,OH,no,263.0,Steven E. Strah,
eBay,295.0,10800.0,1786.0,13300.0,Technology,San Jose,CA,no,295.0,Jamie Iannone,
Boston Scientific,296.0,10735.0,4700.0,36000.0,Health Care,Marlborough,MA,no,319.0,Michael F. Mahoney,
ODP,297.0,10647.0,99.0,40000.0,Retailing,Boca Raton,FL,no,285.0,Gerry P. Smith,
Molson Coors Beverage,298.0,10579.4,241.7,17700.0,Food, Beverages & Tobacco,Denver,CO,no,294.0,Gavin D.K. Hattersley,
Steel Dynamics,299.0,10465.0,671.1,8385.0,Materials,Fort Wayne,IN,no,264.0,Mark D. Millett,
Mutual of Omaha Insurance,300.0,10455.7,271.5,6072.0,Financials,Omaha,NE,no,336.0,James T. Blackledge,
Sonic Automotive,301.0,10454.3,144.1,9300.0,Retailing,Charlotte,NC,no,316.0,David Bruton Smith,
Alcoa,302.0,10433.0,-1125.0,13800.0,Materials,Pittsburgh,PA,no,236.0,Roy C. Harvey,
Fidelity National Information Services,303.0,10333.0,298.0,55000.0,Business Services,Jacksonville,FL,no,361.0,Gary A. Norcross,
Henry Schein,304.0,10305.3,694.7,19000.0,Health Care,Melville,NY,no,242.0,Stanley M. Bergman,
Republic Services,305.0,10299.4,1073.3,36000.0,Business Services,Phoenix,AZ,no,314.0,Donald W. Slager,
Liberty Media,306.0,10292.0,106.0,6753.0,Media,Englewood,CO,no,380.0,Gregory B. Maffei,
Interpublic Group,308.0,10221.3,656.0,54300.0,Business Services,New York,NY,no,322.0,Philippe Krakowsky,
PulteGroup,309.0,10213.0,1016.7,5245.0,Engineering & Construction,Atlanta,GA,no,312.0,Ryan R. Marshall,
AES,310.0,10189.0,303.0,8000.0,Energy,Arlington,VA,no,296.0,,
Fiserv,311.0,10187.0,893.0,44000.0,Business Services,Brookfield,WI,no,488.0,Frank J. Bisignano,
BorgWarner,312.0,10168.0,746.0,29000.0,Motor Vehicles & Parts,Auburn Hills,MI,no,301.0,Frederic B. Lissalde,
Oneok,313.0,10164.4,1278.6,2882.0,Energy,Tulsa,OK,no,256.0,Terry K. Spencer,
Assurant,315.0,10086.8,382.6,13900.0,Financials,New York,NY,no,378.0,Alan B. Colberg,
Newell Brands,316.0,10083.1,106.6,30000.0,Household Products,Atlanta,GA,no,243.0,Ravichandra K. Saligram,
Public Service Enterprise Group,317.0,10076.0,1693.0,12992.0,Energy,Newark,NJ,no,323.0,Ralph Izzo,
News Corp.,318.0,10074.0,155.0,28000.0,Media,New York,NY,no,341.0,Robert J. Thomson,
Calpine,319.0,10072.0,770.0,2256.0,Energy,Houston,TX,no,330.0,John B. Hill III,
Auto-Owners Insurance,320.0,10007.4,1352.4,6141.0,Financials,Lansing,MI,no,382.0,Jeffrey S. Tagsold,
Mohawk Industries,321.0,9970.7,744.2,41800.0,Household Products,Calhoun,GA,no,315.0,Jeffrey S. Lorberbaum,
PVH,322.0,9909.0,417.3,30750.0,Apparel,New York,NY,no,324.0,Stefan Larsson,
Campbell Soup,322.0,9909.0,211.0,19000.0,Food, Beverages & Tobacco,Camden,NJ,no,349.0,Mark A. Clouse,
NRG Energy,324.0,9871.0,4438.0,4577.0,Energy,Princeton,NJ,no,291.0,Mauricio Gutierrez,
Fifth Third Bancorp,325.0,9790.0,2512.0,19869.0,Financials,Cincinnati,OH,no,384.0,Greg D. Carmichael,
Hertz Global Holdings,326.0,9779.0,-58.0,38000.0,Retailing,Estero,FL,no,331.0,Paul E. Stone,
Altice USA,327.0,9760.9,138.9,10700.0,Telecommunications,Long Island City,NY,no,327.0,Dexter G. Goei,
Newmont,328.0,9740.0,2805.0,16600.0,Energy,Greenwood Village,CO,no,419.0,Thomas R. Palmer,
Cheniere Energy,329.0,9730.0,648.0,1530.0,Energy,Houston,TX,no,383.0,Jack A. Fusco,
Advance Auto Parts,330.0,9709.0,486.9,53000.0,Retailing,Raleigh,NC,no,326.0,Thomas R. Greco,
Lam Research,331.0,9653.6,2191.4,10700.0,Technology,Fremont,CA,no,287.0,Timothy M. Archer,
Owens & Minor,332.0,9650.0,-62.4,15400.0,Health Care,Mechanicsville,VA,no,317.0,Edward A. Pesicka,
Equitable Holdings,333.0,9591.0,-1733.0,10100.0,Financials,New York,NY,no,,Mark Pearson,
Conagra Brands,334.0,9538.4,678.3,18000.0,Food, Beverages & Tobacco,Chicago,IL,no,386.0,Sean M. Connolly,
Markel,335.0,9526.2,1790.5,18600.0,Financials,Glen Allen,VA,no,441.0,Thomas S. Gayner/Richard R. Whitt III,
Jones Financial (Edward Jones),336.0,9526.0,1092.0,49000.0,Financials,Des Peres,MO,yes,356.0,Penny Pennington,
Hormel Foods,337.0,9497.3,978.8,18800.0,Food, Beverages & Tobacco,Austin,MN,no,328.0,James P. Snee,
Hilton Worldwide Holdings,338.0,9452.0,881.0,173000.0,Hotels, Restaurants & Leisure,McLean,VA,no,345.0,Christopher J. Nassetta,
Univar Solutions,339.0,9443.8,-100.2,10300.0,Wholesalers,Downers Grove,IL,no,353.0,David C. Jukes,
United Rentals,340.0,9351.0,1174.0,19100.0,Business Services,Stamford,CT,no,379.0,Matthew Flannery,
Pioneer Natural Resources,341.0,9304.0,756.0,2323.0,Energy,Irving,TX,no,333.0,Scott D. Sheffield,
Delek US Holdings,342.0,9298.2,310.6,3707.0,Energy,Brentwood,TN,no,307.0,Ezra Uzi Yemin,
Eastman Chemical,343.0,9273.0,759.0,14500.0,Chemicals,Kingsport,TN,no,313.0,Mark J. Costa,
EMCOR Group,344.0,9174.6,325.1,36000.0,Engineering & Construction,Norwalk,CT,no,375.0,Anthony J. Guzzi,
Avis Budget Group,345.0,9172.0,302.0,25600.0,Retailing,Parsippany,NJ,no,338.0,Joseph A. Ferraro,
J.B. Hunt Transport Services,346.0,9165.3,516.3,29056.0,Transportation,Lowell,AR,no,354.0,John N. Roberts III,
Xerox Holdings,347.0,9145.0,1353.0,27000.0,Technology,Norwalk,CT,no,318.0,John G. Visentin,
Wayfair,348.0,9127.1,-984.6,16985.0,Retailing,Boston,MA,no,446.0,Niraj S. Shah,
KKR,349.0,9120.3,2005.0,1384.0,Financials,New York,NY,no,,Henry R. Kravis/George R. Roberts,
AGCO,350.0,9041.4,125.2,20961.0,Industrials,Duluth,GA,no,335.0,Eric P. Hansotia,
Alleghany,351.0,9040.7,857.8,10786.0,Financials,New York,NY,no,437.0,Weston M. Hicks,
Icahn Enterprises,352.0,8992.0,-1098.0,28033.0,Financials,New York,NY,no,166.0,Keith Cozza,
Voya Financial,353.0,8942.0,-351.0,6000.0,Financials,New York,NY,no,343.0,Rodney O. Martin Jr.,
Ryder System,354.0,8925.8,-24.4,39900.0,Transportation,Miami,FL,no,363.0,Robert E. Sanchez,
Air Products & Chemicals,355.0,8918.9,1760.0,17570.0,Chemicals,Allentown,PA,no,344.0,Seifi Ghasemi,
Mosaic,356.0,8906.3,-1067.4,12600.0,Chemicals,Tampa,FL,no,325.0,James C. O'Rourke,
Huntington Ingalls Industries,357.0,8899.0,549.0,42000.0,Aerospace & Defense,Newport News,VA,no,371.0,C. Michael Petters,
Berry Global Group,358.0,8878.0,404.0,48000.0,Materials,Evansville,IN,no,389.0,Thomas E. Salmon,
Anixter International,359.0,8845.6,262.9,9400.0,Wholesalers,Glenview,IL,no,364.0,William A. Galvin,
Alaska Air Group,360.0,8781.0,769.0,24134.0,Transportation,Seattle,WA,no,368.0,Bradley D. Tilden,
Yum China Holdings,361.0,8776.0,713.0,450000.0,Hotels, Restaurants & Leisure,Plano,TX,yes,362.0,Joey Wat,
Caesars Holdings,363.0,8742.0,-1195.0,64000.0,Hotels, Restaurants & Leisure,Las Vegas,NV,no,365.0,Thomas R. Reeg,
Genworth Financial,364.0,8681.0,343.0,3100.0,Financials,Richmond,VA,no,360.0,Thomas J. McInerney,
Targa Resources,365.0,8671.1,-209.2,2680.0,Energy,Houston,TX,no,302.0,Matthew Meloy,
Coty,366.0,8648.5,-3784.2,19000.0,Household Products,New York,NY,yes,334.0,Sue Y. Nabi,
Dana,367.0,8620.0,226.0,36300.0,Motor Vehicles & Parts,Maumee,OH,no,373.0,James K. Kamsickas,
Thrivent Financial for Lutherans,368.0,8611.7,968.1,3235.0,Financials,Minneapolis,MN,yes,351.0,Teresa J. Rasmussen,
Autoliv,369.0,8547.6,461.5,61957.0,Motor Vehicles & Parts,Auburn Hills,MI,no,321.0,Mikael Bratt,
SpartanNash,370.0,8536.1,5.7,13800.0,Wholesalers,Byron Center,MI,no,377.0,Tony B. Sarsam,
Eversource Energy,371.0,8526.5,909.1,8234.0,Energy,Springfield,MA,no,358.0,James J. Judge,
Darden Restaurants,372.0,8510.4,713.4,184514.0,Hotels, Restaurants & Leisure,Orlando,FL,no,376.0,Eugene I. Lee Jr.,
Chesapeake Energy,373.0,8489.0,-308.0,2300.0,Energy,Oklahoma City,OK,no,309.0,Robert D. Lawler,
NOV,374.0,8479.0,-6095.0,34645.0,Energy,Houston,TX,no,357.0,Clay C. Williams,
Fidelity National Financial,375.0,8469.0,1062.0,23484.0,Financials,Jacksonville,FL,no,402.0,Raymond R. Quirk,
Erie Insurance Group,376.0,8443.3,551.0,5778.0,Financials,Erie,PA,no,381.0,Timothy G. NeCastro,
Oshkosh,377.0,8382.0,579.4,15400.0,Industrials,Oshkosh,WI,no,395.0,Wilson R. Jones,
WESCO International,379.0,8358.9,223.4,9500.0,Wholesalers,Pittsburgh,PA,no,370.0,John J. Engel,
Tractor Supply,380.0,8351.9,562.4,24000.0,Retailing,Brentwood,TN,no,388.0,Harry A. Lawton III,
CommScope Holding,381.0,8345.1,-929.5,30000.0,Technology,Hickory,NC,no,,Charles L. Treadway,
Huntsman,382.0,8342.0,562.0,10000.0,Chemicals,The Woodlands,TX,no,276.0,Peter R. Huntsman,
American Financial Group,383.0,8237.0,897.0,7700.0,Financials,Cincinnati,OH,no,427.0,Carl H. Lindner lll/S. Craig Lindner,
Masco,384.0,8235.0,935.0,22000.0,Household Products,Livonia,MI,no,366.0,Keith J. Allman,
Sanmina,385.0,8233.9,141.5,38500.0,Technology,San Jose,CA,no,429.0,Jure Sola,
Amphenol,386.0,8225.4,1155.0,74000.0,Technology,Wallingford,CT,no,369.0,R. Adam Norwitt,
Williams,387.0,8201.0,850.0,4812.0,Energy,Tulsa,OK,no,348.0,Alan S. Armstrong,
Westinghouse Air Brake,388.0,8200.0,326.7,27500.0,Industrials,Pittsburgh,PA,no,,Rafael O. Santana,
Expeditors Intl. of Washington,389.0,8175.4,590.4,18000.0,Transportation,Seattle,WA,no,374.0,Jeffrey S. Musser,
Andersons,390.0,8170.2,18.3,2284.0,Food, Beverages & Tobacco,Maumee,OH,no,,Patrick E. Bowe,
Westlake Chemical,391.0,8118.0,421.0,9430.0,Chemicals,Houston,TX,no,352.0,Albert Yuan Chao,
Constellation Brands,392.0,8116.0,3435.9,9800.0,Food, Beverages & Tobacco,Victor,NY,no,403.0,William A. Newlands,
Frontier Communications,393.0,8107.0,-5911.0,18317.0,Telecommunications,Norwalk,CT,no,355.0,Nicholas Jeffery,
JetBlue Airways,394.0,8094.0,569.0,19032.0,Transportation,Long Island City,NY,no,399.0,Robin Hayes,
Citizens Financial Group,395.0,8066.0,1791.0,17997.0,Financials,Providence,RI,no,415.0,Bruce W. Van Saun,
Raymond James Financial,396.0,8023.0,1034.0,14200.0,Financials,St. Petersburg,FL,no,407.0,Paul C. Reilly,
Foot Locker,397.0,8005.0,491.0,33294.0,Retailing,New York,NY,no,385.0,Richard A. Johnson,
Hershey,398.0,7986.3,1149.7,15330.0,Food, Beverages & Tobacco,Hershey,PA,yes,391.0,Michele G. Buck,
Zimmer Biomet Holdings,399.0,7982.2,1131.6,19900.0,Health Care,Warsaw,IN,no,387.0,Bryan C. Hanson,
Cincinnati Financial,400.0,7924.2,1997.4,5200.0,Financials,Fairfield,OH,no,,Steven J. Johnston,
Western & Southern Financial Group,401.0,7920.5,244.9,2787.0,Financials,Cincinnati,OH,no,421.0,John F. Barrett,
W.R. Berkley,402.0,7902.2,681.9,7493.0,Financials,Greenwich,CT,no,397.0,W. Robert Berkley Jr.,
Motorola Solutions,403.0,7887.0,868.0,17000.0,Technology,Chicago,IL,no,416.0,Gregory Q. Brown,
Thor Industries,404.0,7864.8,133.3,21750.0,Motor Vehicles & Parts,Elkhart,IN,no,367.0,Robert W. Martin,
Regeneron Pharmaceuticals,405.0,7863.4,2115.8,8100.0,Health Care,Tarrytown,NY,no,450.0,Leonard Schleifer,
Spirit AeroSystems Holdings,406.0,7863.1,530.1,18200.0,Aerospace & Defense,Wichita,KS,no,420.0,Thomas C. Gentile III,
J.M. Smucker,407.0,7838.0,514.4,7400.0,Food, Beverages & Tobacco,Orrville,OH,no,414.0,Mark T. Smucker,
PPL,408.0,7769.0,1746.0,12280.0,Energy,Allentown,PA,no,392.0,Vincent Sorgi,
Insight Enterprises,409.0,7731.2,159.4,11261.0,Technology,Tempe,AZ,no,430.0,Kenneth T. Lamneck,
Quest Diagnostics,410.0,7726.0,858.0,47000.0,Health Care,Secaucus,NJ,no,404.0,Stephen H. Rusckowski,
KeyCorp,411.0,7694.0,1717.0,17045.0,Financials,Cleveland,OH,no,413.0,Christopher Gorman,
Veritiv,412.0,7659.4,-29.5,8000.0,Wholesalers,Atlanta,GA,no,347.0,Salvatore A. Abbate,
DCP Midstream,413.0,7625.0,17.0,2250.0,Energy,Denver,CO,no,320.0,Wouter T. van Kempen,
American Tower,414.0,7580.3,1887.8,5454.0,Financials,Boston,MA,no,410.0,Thomas A. Bartlett,
Graybar Electric,415.0,7523.9,144.5,9000.0,Wholesalers,St. Louis,MO,yes,423.0,Kathleen M. Mazzarella,
WEC Energy Group,416.0,7523.1,1134.0,7509.0,Energy,Milwaukee,WI,no,398.0,J. Kevin Fletcher,
NVR,417.0,7428.4,878.5,5700.0,Engineering & Construction,Reston,VA,no,424.0,Paul C. Saville,
Ulta Beauty,418.0,7398.1,705.9,31000.0,Retailing,Bolingbrook,IL,yes,449.0,Mary N. Dillon,
Devon Energy,419.0,7372.0,-355.0,1800.0,Energy,Oklahoma City,OK,no,297.0,David A. Hager,
Blackstone Group,420.0,7338.3,2049.7,2905.0,Financials,New York,NY,no,442.0,Stephen A. Schwarzman,
Dean Foods,421.0,7328.7,-499.9,14500.0,Food, Beverages & Tobacco,Dallas,TX,no,393.0,Gary W. Rahlfs,
Fortive,422.0,7326.1,738.9,25000.0,Industrials,Everett,WA,no,422.0,James A. Lico,
UGI,423.0,7320.4,256.2,12800.0,Energy,King of Prussia,PA,no,400.0,John L. Walsh,
Burlington Stores,424.0,7286.4,465.1,47000.0,Retailing,Burlington,NJ,no,451.0,,
Builders FirstSource,425.0,7280.4,221.8,15800.0,Materials,Dallas,TX,no,394.0,M. Chad Crow,
Toll Brothers,426.0,7224.0,590.0,5100.0,Engineering & Construction,Horsham,PA,no,428.0,Douglas C. Yearley Jr.,
Old Republic International,427.0,7213.7,1056.4,9000.0,Financials,Chicago,IL,no,481.0,Craig R. Smiddy,
Asbury Automotive Group,428.0,7210.3,184.4,8500.0,Retailing,Duluth,GA,no,439.0,David W. Hult,
Arthur J. Gallagher,429.0,7195.0,668.8,33247.0,Financials,Rolling Meadows,IL,no,435.0,J. Patrick Gallagher Jr.,
MasTec,430.0,7183.2,392.3,21000.0,Engineering & Construction,Coral Gables,FL,no,436.0,José R. Mas,
Owens Corning,431.0,7160.0,405.0,19000.0,Materials,Toledo,OH,no,431.0,Brian D. Chambers,
Magellan Health,432.0,7159.4,55.9,10100.0,Health Care,Phoenix,AZ,no,417.0,Kenneth J. Fasola,
Dover,433.0,7136.4,677.9,24000.0,Industrials,Downers Grove,IL,no,412.0,Richard J. Tobin,
Beacon Roofing Supply,434.0,7105.2,-10.6,8147.0,Wholesalers,Herndon,VA,no,464.0,Julian G. Francis,
Avery Dennison,435.0,7070.1,303.6,30000.0,Materials,Glendale,CA,no,425.0,Mitchell R. Butier,
Hanesbrands,436.0,6966.9,600.7,63000.0,Apparel,Winston-Salem,NC,no,444.0,Stephen B. Bratspies,
Packaging Corp. of America,437.0,6964.3,696.4,15500.0,Materials,Lake Forest,IL,no,432.0,Mark W. Kowlzan,
M&T Bank,438.0,6941.3,1929.1,17386.0,Financials,Buffalo,NY,no,462.0,René F. Jones,
NCR,439.0,6915.0,564.0,36000.0,Technology,Atlanta,GA,no,465.0,Michael D. Hayford,
Northern Trust,440.0,6895.1,1492.2,19800.0,Financials,Chicago,IL,no,453.0,Michael G. O&#039,
Cintas,441.0,6892.3,885.0,45000.0,Business Services,Cincinnati,OH,no,459.0,Scott D. Farmer,
Polaris,442.0,6863.4,324.0,14000.0,Transportation,Medina,MN,no,476.0,Michael T. Speetzen,
CMS Energy,443.0,6845.0,680.0,8459.0,Energy,Jackson,MI,yes,440.0,Patricia K. Poppe,
Seaboard,444.0,6840.0,283.0,13100.0,Food, Beverages & Tobacco,Merriam,KS,no,455.0,Robert L. Steer,
Intuit,445.0,6784.0,1557.0,9400.0,Technology,Mountain View,CA,no,482.0,Sasan K. Goodarzi,
Regions Financial,446.0,6755.0,1582.0,19564.0,Financials,Birmingham,AL,no,447.0,John M. Turner Jr.,
FM Global,447.0,6743.1,2479.3,5591.0,Financials,Johnston,RI,no,,Thomas A. Lawson,
Advanced Micro Devices (AMD),448.0,6731.0,341.0,11400.0,Technology,Santa Clara,CA,yes,460.0,Lisa T. Su,
Ovintiv,449.0,6726.0,234.0,2571.0,Energy,Denver,CO,no,,Douglas J. Suttles,
Booz Allen Hamilton Holding,450.0,6704.0,418.5,26100.0,Technology,McLean,VA,no,475.0,Horacio D. Rozanski,
S&P Global,451.0,6699.0,2123.0,22500.0,Business Services,New York,NY,no,470.0,Douglas L. Peterson,
Rockwell Automation,452.0,6694.8,695.8,23000.0,Industrials,Milwaukee,WI,no,452.0,Blake D. Moret,
O-I Glass,453.0,6691.0,-400.0,27500.0,Materials,Perrysburg,OH,no,438.0,Andres A. Lopez,
Wynn Resorts,454.0,6611.1,123.0,30200.0,Hotels, Restaurants & Leisure,Las Vegas,NV,no,448.0,Matthew O. Maddox,
Securian Financial Group,455.0,6600.6,434.8,6400.0,Financials,St. Paul,MN,no,,Christopher M. Hilger,
Alliance Data Systems,456.0,6580.9,278.0,8500.0,Business Services,Columbus,OH,no,390.0,Ralph J. Andretta,
Weyerhaeuser,457.0,6554.0,-76.0,9400.0,Materials,Seattle,WA,no,406.0,Devin W. Stockfish,
Brighthouse Financial,457.0,6554.0,-740.0,1330.0,Financials,Charlotte,NC,no,342.0,Eric T. Steigerwalt,
Intercontinental Exchange,459.0,6547.0,1933.0,5989.0,Financials,Atlanta,GA,no,469.0,Jeffrey Sprecher,
American Axle & Manufacturing,460.0,6530.9,-484.5,20000.0,Motor Vehicles & Parts,Detroit,MI,no,418.0,David C. Dauch,
Hess,461.0,6510.0,-408.0,1775.0,Energy,New York,NY,no,461.0,John B. Hess,
ABM Industries,462.0,6498.6,127.4,140000.0,Business Services,New York,NY,no,463.0,Scott B. Salmirs,
Activision Blizzard,463.0,6489.0,1503.0,9200.0,Media,Santa Monica,CA,no,405.0,Robert A. Kotick,
GameStop,464.0,6466.0,-470.9,30000.0,Retailing,Grapevine,TX,no,346.0,George E. Sherman,
APA,465.0,6411.0,-3553.0,3163.0,Energy,Houston,TX,no,411.0,John J. Christmann IV,
Science Applications International,466.0,6379.0,226.0,24311.0,Technology,Reston,VA,yes,,Nazzic S. Keene,
AK Steel Holding,467.0,6359.4,11.2,9300.0,Materials,West Chester,OH,no,443.0,Lourenco C. Goncalves,
Ralph Lauren,469.0,6313.0,430.9,18650.0,Apparel,New York,NY,no,473.0,Patrice Louvet,
Celanese,470.0,6297.0,852.0,7714.0,Chemicals,Irving,TX,yes,426.0,Lori J. Ryerkerk,
R.R. Donnelley & Sons,471.0,6276.2,-93.2,36400.0,Media,Chicago,IL,no,445.0,Daniel L. Knotts,
Zoetis,472.0,6260.0,1500.0,10600.0,Health Care,Parsippany,NJ,yes,487.0,Kristin C. Peck,
Ascena Retail Group,473.0,6242.8,-661.4,33000.0,Retailing,Mahwah,NJ,yes,457.0,Carrie W. Teffner,
Clorox,474.0,6214.0,820.0,8800.0,Household Products,Oakland,CA,yes,477.0,Linda Rendle,
Ingredion,475.0,6209.0,413.0,11000.0,Food, Beverages & Tobacco,Westchester,IL,no,486.0,James P. Zallie,
First American Financial,476.0,6202.1,707.4,18412.0,Financials,Santa Ana,CA,no,491.0,Dennis J. Gilmore,
Graphic Packaging Holding,477.0,6160.1,206.8,18000.0,Materials,Atlanta,GA,no,480.0,Michael P. Doss,
NetApp,478.0,6146.0,1169.0,10500.0,Technology,Sunnyvale,CA,no,483.0,George Kurian,
HD Supply Holdings,478.0,6146.0,452.0,11500.0,Wholesalers,Atlanta,GA,no,479.0,Joseph J. DeAngelo,
TravelCenters of America,480.0,6117.4,33.3,18594.0,Retailing,Westlake,OH,no,433.0,Jonathan M. Pertchik,
Olin,481.0,6110.0,-11.3,6500.0,Chemicals,Clayton,MO,no,434.0,Scott M. Sutton,
Robert Half International,482.0,6074.4,454.4,16000.0,Business Services,Menlo Park,CA,no,490.0,M. Keith Waddell,
EnLink Midstream,483.0,6052.9,-1119.3,1355.0,Energy,Dallas,TX,no,396.0,Barry E. Davis,
Avantor,484.0,6040.3,37.8,12000.0,Technology,Radnor,PA,no,,Michael Stubblefield,
Tapestry,485.0,6027.1,643.4,17400.0,Apparel,New York,NY,yes,484.0,Joanne Crevoiserat,
TD Ameritrade Holding,486.0,6016.0,2208.0,9226.0,Financials,Omaha,NE,no,,Stephen J. Boyle,
Analog Devices,487.0,5991.1,1363.0,16400.0,Technology,Norwood,MA,no,472.0,Vincent T. Roche,
Ameren,488.0,5910.0,828.0,9323.0,Energy,St. Louis,MO,no,468.0,Warner L. Baxter,
Williams-Sonoma,489.0,5898.0,356.1,19300.0,Retailing,San Francisco,CA,yes,495.0,Laura J. Alber,
Realogy Holdings,490.0,5870.0,-188.0,10150.0,Financials,Madison,NJ,no,478.0,Ryan M. Schneider,
Commercial Metals,491.0,5829.0,198.1,11524.0,Materials,Irving,TX,yes,,Barbara R. Smith,
Rush Enterprises,492.0,5809.8,141.6,7244.0,Retailing,New Braunfels,TX,no,,W. M. Rush,
Franklin Resources,493.0,5774.5,1195.7,9597.0,Financials,San Mateo,CA,yes,467.0,Jennifer M. Johnson,
Fortune Brands Home & Security,494.0,5764.6,431.9,24700.0,Household Products,Deerfield,IL,no,,Nicholas I. Fink,
Levi Strauss,495.0,5763.1,394.6,15800.0,Apparel,San Francisco,CA,no,500.0,Charles V. Bergh,
Crown Castle International,496.0,5763.0,860.0,5100.0,Financials,Houston,TX,no,,Jay A. Brown,
Simon Property Group,497.0,5755.2,2101.6,3750.0,Financials,Indianapolis,IN,no,496.0,David E. Simon,
Cerner,498.0,5692.6,529.5,27400.0,Health Care,North Kansas City,MO,no,,D. Brent Shafer,
Post Holdings,499.0,5681.1,124.7,10100.0,Food, Beverages & Tobacco,St. Louis,MO,no,471.0,Robert V. Vitale,
Huntington Bancshares,500.0,5655.0,1411.0,15664.0,Financials,Columbus,OH,no,,Stephen D. Steinour,
KBR,501.0,5639.0,202.0,28000.0,Engineering & Construction,Houston,TX,no,,Stuart Bradie,
Sprouts Farmers Market,502.0,5634.8,149.6,30000.0,Food & Drug Stores,Phoenix,AZ,no,,Jack L. Sinclair,
LPL Financial Holdings,503.0,5624.9,559.9,4343.0,Financials,San Diego,CA,no,,Dan H. Arnold,
T. Rowe Price,504.0,5617.9,2131.3,7365.0,Financials,Baltimore,MD,no,,William J. Stromberg,
Yum Brands,505.0,5597.0,1294.0,34000.0,Hotels, Restaurants & Leisure,Louisville,KY,no,,David W. Gibbs,
Chipotle Mexican Grill,506.0,5586.4,350.2,83000.0,Hotels, Restaurants & Leisure,Newport Beach,CA,no,,Brian R. Niccol,
Patterson,507.0,5574.5,83.6,7800.0,Health Care,St. Paul,MN,no,,Mark S. Walchirk,
RPM International,508.0,5564.6,266.6,14957.0,Chemicals,Medina,OH,no,,Frank C. Sullivan,
Equinix,509.0,5562.1,507.5,8378.0,Financials,Redwood City,CA,no,,Charles J. Meyers,
Navient,510.0,5529.0,597.0,5800.0,Financials,Wilmington,DE,no,,John F. Remondi,
Chemours,511.0,5526.0,-52.0,7000.0,Chemicals,Wilmington,DE,no,,Mark P. Vergnano,
ON Semiconductor,512.0,5517.9,211.7,34800.0,Technology,Phoenix,AZ,no,,Hassane El-Khoury,
TransDigm Group,513.0,5517.2,889.8,18300.0,Aerospace & Defense,Cleveland,OH,no,,Kevin M. Stein,
Host Hotels & Resorts,514.0,5469.0,920.0,175.0,Financials,Bethesda,MD,no,,James F. Risoleo,
Select Medical Holdings,515.0,5453.9,148.4,42800.0,Health Care,Mechanicsburg,PA,no,,David S. Chernow,
Par Pacific Holdings,516.0,5401.5,40.8,1408.0,Energy,Houston,TX,no,,William C. Pate,
Sonoco Products,517.0,5374.2,291.8,23000.0,Materials,Hartsville,SC,no,,R. Howard Coker,
Roper Technologies,518.0,5366.8,1767.9,16460.0,Technology,Sarasota,FL,no,,L. Neil Hunn,
Harley-Davidson,519.0,5361.8,423.6,5600.0,Transportation,Milwaukee,WI,no,,Jochen Zeitz,
Jefferies Financial Group,520.0,5358.7,964.7,4800.0,Financials,New York,NY,no,,Richard B. Handler,
Kelly Services,521.0,5355.6,112.4,7700.0,Business Services,Troy,MI,no,,Peter W. Quigley,
Microchip Technology,522.0,5349.5,355.9,18286.0,Technology,Chandler,AZ,no,,Ganesh Moorthy,
McCormick,523.0,5347.4,702.7,12400.0,Food, Beverages & Tobacco,Hunt Valley,MD,no,,Lawrence E. Kurzius,
MDU Resources Group,524.0,5336.9,335.5,13359.0,Energy,Bismarck,ND,no,,David L. Goodin,
Fastenal,525.0,5333.7,790.9,21948.0,Wholesalers,Winona,MN,no,,Daniel L. Florness,
Big Lots,526.0,5323.2,242.5,22250.0,Retailing,Columbus,OH,no,,Bruce K. Thorn,
Penn National Gaming,527.0,5301.4,43.9,28300.0,Hotels, Restaurants & Leisure,Wyomissing,PA,no,,Jay A. Snowden,
Western Union,528.0,5292.1,1058.3,11500.0,Business Services,Denver,CO,no,,Hikmet Ersek,
Under Armour,529.0,5267.1,92.1,11700.0,Apparel,Baltimore,MD,no,,Patrik Frisk,
Xylem,530.0,5249.0,401.0,16300.0,Industrials,Rye Brook,NY,no,,Patrick K. Decker,
Skechers U.S.A.,531.0,5242.5,346.6,8550.0,Apparel,Manhattan Beach,CA,no,,Robert Greenberg,
Domtar,532.0,5220.0,84.0,10000.0,Materials,Fort Mill,SC,no,,John D. Williams,
NiSource,533.0,5208.9,383.1,8363.0,Energy,Merrillville,IN,no,,Joseph J. Hamrock,
Marathon Oil,534.0,5190.0,480.0,2000.0,Energy,Houston,TX,no,,Lee M. Tillman,
National General Holdings,535.0,5179.6,348.1,9200.0,Financials,New York,NY,no,,Barry Karfunkel,
Telephone & Data Systems,536.0,5176.0,121.0,9400.0,Telecommunications,Chicago,IL,no,,LeRoy T. Carlson Jr.,
Agilent Technologies,537.0,5163.0,1071.0,16300.0,Technology,Santa Clara,CA,no,,Michael R. McMullen,
Ametek,538.0,5158.6,861.3,18100.0,Technology,Berwyn,PA,no,,David A. Zapico,
Evergy,539.0,5147.8,669.9,4617.0,Energy,Kansas City,MO,no,,David A. Campbell,
International Flavors & Fragrances,540.0,5140.1,455.9,13668.0,Chemicals,New York,NY,no,,Andreas Fibig,
ADT,541.0,5125.7,-424.2,17500.0,Business Services,Boca Raton,FL,no,,James D. DeVries,
Welltower,542.0,5121.3,1232.4,443.0,Financials,Toledo,OH,no,,Shankh Mitra,
Windstream Holdings,543.0,5115.4,-3090.0,11945.0,Telecommunications,Little Rock,AR,no,,Anthony W. Thomas,
Michaels,544.0,5072.0,272.6,28000.0,Retailing,Irving,TX,no,,Ashley Buchanan,
Kemper,545.0,5039.2,531.1,8900.0,Financials,Chicago,IL,no,,Joseph Lacher Jr.,
Hyatt Hotels,546.0,5020.0,766.0,55000.0,Hotels, Restaurants & Leisure,Chicago,IL,no,,Mark S. Hoplamazian,
Alexion Pharmaceuticals,547.0,4991.1,2404.3,3082.0,Health Care,Boston,MA,no,,Ludwig N. Hantson Ph.D.,
Resideo Technologies,548.0,4988.0,36.0,13000.0,Materials,Austin,TX,no,,Jay Geldmacher,
CACI International,549.0,4986.3,265.6,22100.0,Technology,Arlington,VA,no,,John S. Mengucci,
Electronic Arts,550.0,4950.0,1019.0,9700.0,Media,Redwood City,CA,no,,Andrew Wilson,
Vulcan Materials,551.0,4929.1,617.7,9173.0,Materials,Birmingham,AL,no,,J. Thomas Hill,
TreeHouse Foods,552.0,4926.9,-361.0,10800.0,Food, Beverages & Tobacco,Oak Brook,IL,no,,Steven T. Oakland,
Global Payments,553.0,4911.9,430.6,24000.0,Business Services,Atlanta,GA,no,,Jeffrey S. Sloan,
Hanover Insurance Group,554.0,4897.4,425.1,4300.0,Financials,Worcester,MA,no,,John C. Roche,
Camping World Holdings,555.0,4892.0,-60.6,11508.0,Retailing,Lincolnshire,IL,no,,Marcus A. Lemonis,
Cornerstone Building Brands,556.0,4889.7,-15.4,20100.0,Materials,Cary,NC,no,,James S. Metcalf,
Yellow,557.0,4871.2,-104.0,29000.0,Transportation,Overland Park,KS,no,,Darren D. Hawkins,
CME Group,558.0,4868.0,2116.5,4360.0,Financials,Chicago,IL,no,,Terrence A. Duffy,
Chewy,559.0,4846.7,-252.4,12000.0,Retailing,Dania Beach,FL,no,,Sumit Singh,
Knight-Swift Transportation Holdings,560.0,4844.0,309.2,23700.0,Transportation,Phoenix,AZ,no,,David Jackson,
Coca-Cola Consolidated,562.0,4826.5,11.4,15850.0,Food, Beverages & Tobacco,Charlotte,NC,no,,J. Frank Harrison III,
Carlisle,563.0,4811.6,472.8,14000.0,Materials,Scottsdale,AZ,no,,D. Christian Koch,
Sealed Air,564.0,4791.1,263.0,16500.0,Materials,Charlotte,NC,no,,Edward L. Doheny II,
A-Mark Precious Metals,565.0,4783.2,2.2,183.0,Materials,El Segundo,CA,no,,Gregory N. Roberts,
Watsco,566.0,4770.4,246.0,5800.0,Wholesalers,Miami,FL,no,,Albert H. Nahmad,
Taylor Morrison Home,567.0,4762.1,254.7,2300.0,Engineering & Construction,Scottsdale,AZ,yes,,Sheryl D. Palmer,
IAC/InterActiveCorp,568.0,4757.1,431.1,8700.0,Technology,New York,NY,no,,Joseph M. Levin,
Leggett & Platt,569.0,4752.5,333.8,22000.0,Household Products,Carthage,MO,no,,Karl G. Glassman,
OneMain Holdings,570.0,4749.0,855.0,9700.0,Financials,Evansville,IN,no,,Douglas H. Shulman,
Schneider National,571.0,4747.0,147.0,15650.0,Transportation,Green Bay,WI,no,,Mark B. Rourke,
Martin Marietta Materials,572.0,4739.1,611.9,8846.0,Materials,Raleigh,NC,no,,C. Howard Nye,
NortonLifeLock,573.0,4731.0,31.0,11900.0,Technology,Tempe,AZ,no,,Vincent Pilette,
Hasbro,574.0,4720.2,520.5,5600.0,Household Products,Pawtucket,RI,no,,Brian D. Goldner,
Square,575.0,4713.5,375.4,3835.0,Business Services,San Francisco,CA,no,,Jack Dorsey,
Terex,576.0,4680.3,54.4,9500.0,Industrials,Westport,CT,no,,John L. Garrison Jr.,
Syneos Health,577.0,4675.8,131.3,24000.0,Health Care,Morrisville,NC,no,,Alistair Macdonald,
FMC,578.0,4661.9,477.4,6400.0,Chemicals,Philadelphia,PA,no,,Mark Douglas,
Boise Cascade,579.0,4643.4,80.9,6010.0,Wholesalers,Boise,ID,no,,Nathan R. Jorgensen,
SS&C Technologies Holdings,580.0,4632.9,438.5,22800.0,Technology,Windsor,CT,no,,William C. Stone,
Continental Resources,581.0,4631.9,775.6,1260.0,Energy,Oklahoma City,OK,no,,William B. Berry,
Peabody Energy,582.0,4623.4,-211.3,6600.0,Energy,St. Louis,MO,no,,Glenn L. Kellow,
Encompass Health,583.0,4605.0,358.7,35690.0,Health Care,Birmingham,AL,no,,Mark J. Tarr,
Greif,584.0,4595.0,171.0,17000.0,Materials,Delaware,OH,no,,Peter G. Watson,
Concho Resources,585.0,4592.0,-705.0,1453.0,Energy,Midland,TX,no,,Timothy A. Leach,
Hubbell,586.0,4591.0,400.9,18800.0,Industrials,Shelton,CT,no,,Gerben W. Bakker,
CF Industries Holdings,587.0,4590.0,493.1,2987.0,Chemicals,Deerfield,IL,no,,W. Anthony Will,
KLA,588.0,4568.9,1175.6,10020.0,Technology,Milpitas,CA,no,,Richard P. Wallace,
Genesis Healthcare,589.0,4565.8,14.6,55000.0,Health Care,Kennett Square,PA,no,,Robert H. Fish,
Brunswick,590.0,4556.7,-131.0,12828.0,Transportation,Mettawa,IL,no,,David M. Foulkes,
KB Home,591.0,4552.7,268.8,2140.0,Engineering & Construction,Los Angeles,CA,no,,Jeffrey T. Mezger,
Globe Life,592.0,4527.5,760.8,3196.0,Financials,McKinney,TX,no,,Gary L. Coleman/Larry M. Hutchison,
Mattel,593.0,4504.6,-213.5,24000.0,Household Products,El Segundo,CA,no,,Ynon Kreiz,
Ryerson Holding,594.0,4501.6,82.4,4500.0,Materials,Chicago,IL,no,,Edward J. Lehner,
Silgan Holdings,595.0,4489.9,193.8,13220.0,Materials,Stamford,CT,no,,Anthony J. Allott,
Zebra Technologies,596.0,4485.0,544.0,8200.0,Industrials,Lincolnshire,IL,no,,Anders Gustafsson,
Intuitive Surgical,597.0,4478.5,1379.3,7326.0,Health Care,Sunnyvale,CA,no,,Gary Guthart,
Warner Music Group,598.0,4475.0,256.0,5400.0,Media,New York,NY,no,,Stephen F. Cooper,
Conduent,599.0,4467.0,-1934.0,67000.0,Business Services,Florham Park,NJ,no,,Clifford A. Skelton,
Tutor Perini,600.0,4450.8,-387.7,9100.0,Engineering & Construction,Sylmar,CA,no,,Ronald N. Tutor,
Juniper Networks,601.0,4445.4,345.0,9419.0,Technology,Sunnyvale,CA,no,,Rami Rahim,
Noble Energy,602.0,4438.0,-1512.0,2282.0,Energy,Houston,TX,no,,David L. Stover,
Vertiv Holdings,603.0,4431.2,-140.8,19800.0,Industrials,Columbus,OH,no,,Robert J. Johnson,
Tiffany,604.0,4424.0,541.1,14100.0,Retailing,New York,NY,no,,Anthony Ledru,
EQT,605.0,4416.5,-1221.7,647.0,Energy,Pittsburgh,PA,no,,Toby Z. Rice,
UFP Industries,606.0,4416.0,179.7,12000.0,Materials,Grand Rapids,MI,no,,Matthew J. Missad,
Diebold Nixdorf,607.0,4408.7,-341.3,22000.0,Technology,North Canton,OH,no,,Gerrard B. Schmid,
Antero Resources,608.0,4408.7,-340.1,547.0,Energy,Denver,CO,no,,Paul M. Rady,
Meritor,609.0,4388.0,291.0,9100.0,Motor Vehicles & Parts,Troy,MI,no,,Chris Villavarayan,
Broadridge Financial Solutions,610.0,4362.2,482.1,11000.0,Business Services,Lake Success,NY,no,,Timothy C. Gokey,
Church & Dwight,611.0,4357.7,615.9,4800.0,Household Products,Ewing,NJ,no,,Matthew T. Farrell,
Marriott Vacations Worldwide,612.0,4355.0,138.0,22000.0,Hotels, Restaurants & Leisure,Orlando,FL,no,,Stephen P. Weisz,
Edwards Lifesciences,613.0,4348.0,1046.9,13900.0,Health Care,Irvine,CA,no,,Michael A. Mussallem,
Colfax,614.0,4326.3,-527.6,15000.0,Industrials,Annapolis Junction,MD,no,,Matthew L. Trerotola,
Insperity,615.0,4314.8,151.1,3500.0,Business Services,Kingwood,TX,no,,Paul J. Sarvadi,
American Eagle Outfitters,616.0,4308.2,191.3,27000.0,Retailing,Pittsburgh,PA,no,,Jay L. Schottenstein,
Keysight Technologies,617.0,4303.0,621.0,13600.0,Technology,Santa Rosa,CA,no,,Ronald S. Nersesian,
JELD-WEN Holding,618.0,4289.8,63.0,23300.0,Materials,Charlotte,NC,no,,Gary S. Michel,
Iron Mountain,619.0,4262.6,267.4,25000.0,Business Services,Boston,MA,no,,William L. Meaney,
Nasdaq,620.0,4262.0,774.0,4361.0,Financials,New York,NY,yes,,Adena T. Friedman,
Gartner,621.0,4245.3,233.3,16724.0,Technology,Stamford,CT,no,,Eugene A. Hall,
Sinclair Broadcast Group,622.0,4240.0,47.0,11800.0,Media,Hunt Valley,MD,no,,Christopher S. Ripley,
Ingles Markets,623.0,4202.0,81.6,18630.0,Food & Drug Stores,Black Mountain,NC,no,,James W. Lanning,
Monster Beverage,624.0,4200.8,1107.8,3092.0,Food, Beverages & Tobacco,Corona,CA,no,,Rodney C. Sacks/Hilton H. Schlosberg,
Murphy Oil,625.0,4194.0,1149.7,822.0,Energy,El Dorado,AR,no,,Roger W. Jenkins,
Vertex Pharmaceuticals,626.0,4162.8,1176.8,3000.0,Health Care,Boston,MA,no,,Reshma Kewalramani,
First Republic Bank,627.0,4156.7,930.3,4812.0,Financials,San Francisco,CA,no,,James H. Herbert II,
Spectrum Brands Holdings,629.0,4138.8,471.9,13000.0,Household Products,Middleton,WI,no,,David M. Maura,
Quad/Graphics,630.0,4137.2,-156.3,19600.0,Media,Sussex,WI,no,,J. Joel Quadracci,
Flowers Foods,631.0,4124.0,164.5,9700.0,Food, Beverages & Tobacco,Thomasville,GA,no,,A. Ryals McMullian,
CUNA Mutual Group,632.0,4122.7,219.6,3600.0,Financials,Madison,WI,no,,Robert N. Trunzo,
Allegheny Technologies,633.0,4122.5,257.6,8100.0,Materials,Pittsburgh,PA,no,,Robert S. Wetherbee,
Old Dominion Freight Line,634.0,4109.1,615.5,20105.0,Transportation,Thomasville,NC,no,,Greg C. Gantt,
Landstar System,635.0,4089.6,227.7,1333.0,Transportation,Jacksonville,FL,no,,James B. Gattoni,
American National Group,636.0,4070.1,620.4,4640.0,Financials,Galveston,TX,no,,James E. Pozzi,
Snap-on,637.0,4067.7,693.5,12800.0,Industrials,Kenosha,WI,no,,Nicholas T. Pinchuk,
Brookdale Senior Living,638.0,4057.1,-267.9,48400.0,Health Care,Brentwood,TN,yes,,Lucinda M. Baier,
Amkor Technology,639.0,4052.7,120.9,29650.0,Technology,Tempe,AZ,no,,Geil Rutten,
Wyndham Destinations,640.0,4043.0,507.0,22500.0,Hotels, Restaurants & Leisure,Orlando,FL,no,,Michael D. Brown,
PPD,641.0,4031.0,47.8,23000.0,Health Care,Wilmington,NC,no,,David S. Simmons,
Dentsply Sirona,642.0,4029.2,262.9,15200.0,Health Care,Charlotte,NC,no,,Donald M. Casey Jr.,
CNO Financial Group,643.0,4015.8,409.4,3300.0,Financials,Carmel,IN,no,,Gary C. Bhojwani,
Urban Outfitters,644.0,3983.8,168.1,16800.0,Retailing,Philadelphia,PA,no,,Richard A. Hayne,
Sabre,645.0,3975.0,158.6,9250.0,Technology,Southlake,TX,no,,Sean E. Menke,
Mercury General,646.0,3972.5,320.1,4500.0,Financials,Los Angeles,CA,no,,Gabriel Tirador,
Diamondback Energy,647.0,3964.0,240.0,712.0,Energy,Midland,TX,no,,Travis D. Stice,
Parsons,648.0,3954.8,120.5,15879.0,Aerospace & Defense,Centreville,VA,no,,Charles L. Harrington,
Aaron's,649.0,3947.7,31.5,12100.0,Retailing,Atlanta,GA,no,,John W. Robinson III,
Flowserve,650.0,3944.9,253.7,17000.0,Industrials,Irving,TX,no,,R. Scott Rowe,
Carvana,651.0,3939.9,-114.7,7324.0,Retailing,Tempe,AZ,no,,Ernest C. Garcia,
ASGN,652.0,3923.9,174.7,4300.0,Business Services,Calabasas,CA,no,,Theodore S. Hanson,
Sally Beauty Holdings,653.0,3876.4,271.6,30050.0,Retailing,Denton,TX,no,,Christian A. Brickman,
ScanSource,654.0,3873.1,57.6,2700.0,Wholesalers,Greenville,SC,no,,Michael L. Baur,
Ventas,655.0,3872.8,433.0,516.0,Financials,Chicago,IL,yes,,Debra A. Cafaro,
Country Financial,656.0,3868.1,167.3,3839.0,Financials,Bloomington,IL,no,,Jim Jacobs,
TriNet Group,657.0,3856.0,212.0,2900.0,Business Services,Dublin,CA,no,,Burton M. Goldfield,
Spirit Airlines,658.0,3830.5,335.3,8938.0,Transportation,Miramar,FL,no,,Edward M. Christie III,
Comerica,659.0,3817.0,1198.0,7708.0,Financials,Dallas,TX,no,,Curtis C. Farmer,
Lennox International,660.0,3807.2,408.7,11200.0,Industrials,Richardson,TX,no,,Todd M. Bluedorn,
Timken,661.0,3789.9,362.1,18829.0,Industrials,North Canton,OH,no,,Richard G. Kyle,
Paychex,662.0,3772.5,1034.4,15450.0,Business Services,Rochester,NY,no,,Martin Mucci,
Amerco,663.0,3768.7,370.9,21900.0,Transportation,Reno,NV,no,,Edward J. Shoen,
Worthington Industries,664.0,3759.6,153.5,12000.0,Materials,Columbus,OH,no,,B. Andrew Rose,
Lamb Weston Holdings,665.0,3756.5,478.6,7600.0,Food, Beverages & Tobacco,Eagle,ID,no,,Thomas P. Werner,
Laureate Education,666.0,3752.1,938.5,41000.0,Business Services,Baltimore,MD,no,,Eilif Serck-Hanssen,
Penn Mutual Life Insurance,667.0,3705.1,396.0,3318.0,Financials,Horsham,PA,yes,,Eileen C. McDonnell,
iHeartMedia,668.0,3683.5,,11400.0,Media,San Antonio,TX,no,,Robert W. Pittman,
Brink's,669.0,3683.2,29.0,64300.0,Business Services,Richmond,VA,no,,Douglas A. Pertz,
Sentry Insurance Group,670.0,3680.8,324.3,4217.0,Financials,Stevens Point,WI,no,,Peter G. McPartland,
Acuity Brands,671.0,3672.7,330.4,12000.0,Industrials,Atlanta,GA,no,,Neil M. Ashe,
Hub Group,672.0,3668.1,107.2,5000.0,Transportation,Oak Brook,IL,no,,David P. Yeager,
Meritage Homes,673.0,3666.9,249.7,1510.0,Engineering & Construction,Scottsdale,AZ,no,,Phillipe Lord,
MRC Global,674.0,3662.0,39.0,3345.0,Energy,Houston,TX,no,,Robert J. Saltiel Jr.,
Alliant Energy,675.0,3647.7,557.2,3597.0,Energy,Madison,WI,no,,John O. Larsen,
Workday,676.0,3627.2,-480.7,12200.0,Technology,Pleasanton,CA,no,,Aneel Bhusri,
BMC Stock Holdings,677.0,3626.6,109.8,10200.0,Wholesalers,Raleigh,NC,no,,David E. Flitman,
Abercrombie & Fitch,678.0,3623.1,39.4,26000.0,Retailing,New Albany,OH,yes,,Fran Horowitz,
Domino's Pizza,679.0,3618.8,400.7,13100.0,Hotels, Restaurants & Leisure,Ann Arbor,MI,no,,Richard E. Allison,
Lyft,680.0,3616.0,-2602.2,5683.0,Technology,San Francisco,CA,no,,Logan Green,
Meredith,681.0,3611.9,46.3,5615.0,Media,Des Moines,IA,no,,Thomas H. Harty,
American Water Works,682.0,3610.0,621.0,6800.0,Energy,Camden,NJ,no,,Walter J. Lynch,
Albemarle,683.0,3589.4,533.2,6000.0,Chemicals,Charlotte,NC,no,,,
Ciena,684.0,3572.1,253.4,6383.0,Technology,Hanover,MD,no,,Gary B. Smith,
Barnes & Noble,685.0,3552.7,3.8,15538.0,Retailing,New York,NY,no,,James Daunt,
Weis Markets,686.0,3543.3,68.0,23000.0,Food & Drug Stores,Sunbury,PA,no,,Jonathan H. Weis,
Illumina,687.0,3543.0,1002.0,7700.0,Technology,San Diego,CA,no,,Francis deSouza,
SVB Financial Group,688.0,3530.9,1136.9,3564.0,Financials,Santa Clara,CA,no,,Gregory Becker,
Carter's,689.0,3519.3,263.8,20300.0,Apparel,Atlanta,GA,no,,Michael D. Casey,
Stifel Financial,690.0,3515.0,448.4,8205.0,Financials,St. Louis,MO,no,,Ronald J. Kruszewski,
Mednax,691.0,3513.5,-1497.7,9480.0,Health Care,Sunrise,FL,no,,Mark S. Ordan,
Equifax,692.0,3507.6,-398.8,11200.0,Business Services,Atlanta,GA,no,,Mark W. Begor,
Kar Auction Services,693.0,3505.5,188.5,13311.0,Wholesalers,Carmel,IN,no,,James P. Hallett,
Ashland Global Holdings,694.0,3505.0,505.0,4700.0,Chemicals,Covington,KY,no,,Guillermo Novo,
Medical Mutual of Ohio,695.0,3502.7,83.7,2801.0,Financials,Cleveland,OH,no,,Richard A. Chiricosta,
Sprague Resources,696.0,3502.4,31.3,770.0,Energy,Portsmouth,NH,no,,David C. Glendon,
Super Micro Computer,697.0,3500.4,71.9,3670.0,Technology,San Jose,CA,no,,Charles Liang,
Designer Brands,698.0,3492.7,94.5,16100.0,Retailing,Columbus,OH,no,,Roger L. Rawlins,
Pitney Bowes,699.0,3477.7,194.6,11000.0,Technology,Stamford,CT,no,,Marc B. Lautenbach,
Applied Industrial Technologies,700.0,3472.7,144.0,6650.0,Wholesalers,Cleveland,OH,no,,Neil A. Schrimsher,
Pinnacle West Capital,701.0,3471.2,538.3,6210.0,Energy,Phoenix,AZ,no,,Jeffrey B Guldner,
American Equity Investment Life Holding,702.0,3464.3,246.1,608.0,Financials,West Des Moines,IA,no,,Anant Bhalla,
ServiceNow,703.0,3460.4,626.7,10371.0,Technology,Santa Clara,CA,no,,William R. McDermott,
Twitter,704.0,3459.3,1465.7,4900.0,Technology,San Francisco,CA,no,,Jack Dorsey,
Calumet Specialty Products Partners,705.0,3452.6,-43.6,1500.0,Energy,Indianapolis,IN,no,,Stephen P. Mawer,
Steelcase,706.0,3443.2,126.0,12700.0,Household Products,Grand Rapids,MI,no,,James P. Keane,
Sanderson Farms,707.0,3440.3,53.3,17055.0,Food, Beverages & Tobacco,Laurel,MS,no,,Joe F. Sanderson Jr.,
WABCO Holdings,708.0,3421.4,245.8,13911.0,Motor Vehicles & Parts,Auburn Hills,MI,no,,Jon Morrison,
Clean Harbors,709.0,3412.2,97.7,14400.0,Business Services,Norwell,MA,no,,Alan S. McKim,
Puget Energy,710.0,3401.1,210.7,3130.0,Energy,Bellevue,WA,yes,,Mary E. Kipp,
Scientific Games,711.0,3400.0,-130.0,9800.0,Hotels, Restaurants & Leisure,Las Vegas,NV,no,,Barry L. Cottle,
Granite Construction,712.0,3389.8,-105.4,4200.0,Engineering & Construction,Watsonville,CA,no,,Kyle T. Larkin,
Carlyle Group,713.0,3377.0,380.9,1775.0,Financials,Washington,DC,no,,Kewsong Lee,
Skyworks Solutions,714.0,3376.8,853.6,9000.0,Technology,Irvine,CA,no,,Liam K. Griffin,
Aleris,715.0,3375.9,-11.8,5600.0,Materials,Cleveland,OH,no,,Sean M. Stack,
Triple-S Management,716.0,3375.6,92.9,3992.0,Health Care,San Juan,PR,no,,Roberto Garcia-Rodriguez,
Hexion,717.0,3374.0,,4000.0,Chemicals,Columbus,OH,no,,Craig Rogerson,
Hologic,718.0,3367.3,-203.6,6478.0,Health Care,Marlborough,MA,no,,Stephen P. MacMillan,
Triumph Group,719.0,3364.9,-321.8,10776.0,Aerospace & Defense,Berwyn,PA,no,,Daniel J. Crowley,
Darling Ingredients,720.0,3363.9,312.6,10100.0,Food, Beverages & Tobacco,Irving,TX,no,,Randall C. Stuewe,
MSC Industrial Direct,721.0,3363.8,288.9,6700.0,Wholesalers,Melville,NY,no,,Erik Gershwind,
Red Hat,722.0,3362.1,434.0,13360.0,Technology,Raleigh,NC,no,,Paul J. Cormier,
Synopsys,723.0,3360.7,532.4,13896.0,Technology,Mountain View,CA,no,,Aart J. de Geus/Chi-Foon Chan,
PolyOne,724.0,3351.6,588.6,5600.0,Chemicals,Avon Lake,OH,no,,Robert M. Patterson,
Dycom Industries,725.0,3339.7,57.2,15230.0,Engineering & Construction,Palm Beach Gardens,FL,no,,Steven E. Nielsen,
Cabot,726.0,3337.0,157.0,4500.0,Chemicals,Boston,MA,no,,Sean D. Keohane,
Prologis,727.0,3330.6,1573.0,1712.0,Financials,San Francisco,CA,no,,Hamid R. Moghadam,
Boyd Gaming,728.0,3326.1,157.6,24300.0,Hotels, Restaurants & Leisure,Las Vegas,NV,no,,Keith E. Smith,
LSC Communications,729.0,3326.0,-295.0,20000.0,Media,Chicago,IL,no,,Suzanne Bettman,
Brown-Forman,730.0,3324.0,835.0,4700.0,Food, Beverages & Tobacco,Louisville,KY,no,,Lawson E. Whiting,
Stericycle,731.0,3308.9,-346.8,19500.0,Business Services,Bannockburn,IL,yes,,Cindy J. Miller,
CIT Group,732.0,3296.1,529.9,3609.0,Financials,New York,NY,yes,,Ellen R. Alemany,
MDC Holdings,733.0,3293.3,238.3,1656.0,Engineering & Construction,Denver,CO,no,,David M. Mandarich,
Hyster-Yale Materials Handling,734.0,3291.8,35.8,7900.0,Industrials,Cleveland,OH,no,,Alfred M. Rankin Jr.,
Crane,735.0,3283.1,133.3,13000.0,Industrials,Stamford,CT,no,,Max H. Mitchell,
Cinemark Holdings,736.0,3283.1,191.4,22603.0,Media,Plano,TX,no,,Mark Zoradi,
Autodesk,737.0,3274.3,214.5,10100.0,Technology,San Rafael,CA,no,,Andrew Anagnost,
Trimble,738.0,3264.3,514.3,11484.0,Technology,Sunnyvale,CA,no,,Robert G. Painter,
Garrett Motion,739.0,3248.0,313.0,7400.0,Motor Vehicles & Parts,Plymouth,MI,no,,Olivier Rabiller,
Zions Bancorp.,740.0,3245.0,816.0,10188.0,Financials,Salt Lake City,UT,no,,Harris H. Simmons,
Regal Beloit,741.0,3238.0,238.9,19560.0,Industrials,Beloit,WI,no,,Louis V. Pinkham,
Service Corp. International,742.0,3230.8,369.6,20457.0,Business Services,Houston,TX,no,,Thomas L. Ryan,
Varian Medical Systems,743.0,3225.1,291.9,10062.0,Health Care,Palo Alto,CA,no,,Dow R. Wilson,
PriceSmart,744.0,3223.9,73.2,9000.0,Retailing,San Diego,CA,yes,,Sherry S. Bahrambeygui,
Brinker International,745.0,3217.9,154.9,56147.0,Hotels, Restaurants & Leisure,Dallas,TX,no,,Wyman T. Roberts,
Digital Realty Trust,746.0,3209.2,579.8,1550.0,Financials,San Francisco,CA,no,,A. William Stein,
Pool,747.0,3199.5,261.6,4500.0,Wholesalers,Covington,LA,no,,Peter D. Arvan,
Crestwood Equity Partners,748.0,3181.9,285.1,894.0,Energy,Houston,TX,no,,Robert G Phillips,
Infor,749.0,3171.2,142.0,17380.0,Technology,New York,NY,no,,Kevin Samuelson,
Plexus,750.0,3164.4,108.6,19000.0,Technology,Neenah,WI,no,,Todd P. Kelsey,
Teledyne Technologies,751.0,3163.6,402.3,11790.0,Aerospace & Defense,Thousand Oaks,CA,no,,Aldo Pichelli,
G-III Apparel Group,752.0,3160.5,143.8,6050.0,Apparel,New York,NY,no,,Morris Goldfarb,
Scotts Miracle-Gro,753.0,3156.0,460.7,5850.0,Chemicals,Marysville,OH,no,,James S. Hagedorn,
Apollo Global Management,754.0,3145.4,843.2,1421.0,Financials,New York,NY,no,,Leon D. Black,
E*Trade Financial,755.0,3145.0,955.0,4122.0,Financials,Arlington,VA,no,,Michael A. Pizzi,
Toro,756.0,3138.1,274.0,9329.0,Industrials,Bloomington,MN,no,,Richard M. Olson,
Southwest Gas Holdings,757.0,3119.9,213.9,8944.0,Energy,Las Vegas,NV,no,,John P. Hester,
GMS,758.0,3116.0,56.0,5858.0,Wholesalers,Tucker,GA,no,,John C. Turner Jr.,
Cooper-Standard Holdings,759.0,3108.4,67.5,28000.0,Motor Vehicles & Parts,Novi,MI,no,,Jeffrey S. Edwards,
Acadia Healthcare,760.0,3107.5,108.9,35600.0,Health Care,Franklin,TN,yes,,Debra K. Osteen,
Tetra Tech,761.0,3107.3,158.7,20000.0,Engineering & Construction,Pasadena,CA,no,,Dan L. Batrack,
Primoris Services,762.0,3106.3,82.3,9700.0,Engineering & Construction,Dallas,TX,no,,Thomas E. McCormick,
Tempur Sealy International,763.0,3106.0,189.5,7400.0,Household Products,Lexington,KY,no,,Scott L. Thompson,
H&R Block,764.0,3094.9,422.5,44600.0,Financials,Kansas City,MO,no,,Jeffrey J. Jones II,
Qorvo,765.0,3090.3,133.1,8100.0,Technology,Greensboro,NC,no,,Robert A. Bruggeworth,
TRI Pointe Group,766.0,3083.0,207.2,1386.0,Engineering & Construction,Irvine,CA,no,,Douglas F. Bauer,
Cracker Barrel Old Country Store,767.0,3072.0,223.4,73000.0,Hotels, Restaurants & Leisure,Lebanon,TN,yes,,Sandra B. Cochran,
Elanco Animal Health,768.0,3071.0,67.9,6080.0,Health Care,Greenfield,IN,no,,Jeffrey N. Simmons,
PRA Health Sciences,769.0,3066.3,243.0,17500.0,Technology,Raleigh,NC,no,,Colin Shannon,
First Solar,770.0,3063.1,-114.9,6600.0,Energy,Tempe,AZ,no,,Mark R. Widmar,
AMC Networks,771.0,3060.3,380.5,2588.0,Media,New York,NY,no,,Joshua W. Sapan,
Xilinx,772.0,3059.0,889.8,4433.0,Technology,San Jose,CA,no,,Victor Peng,
Green Plains,773.0,3055.4,-166.9,820.0,Energy,Omaha,NE,no,,Todd A. Becker,
Columbia Sportswear,774.0,3042.5,330.5,8900.0,Apparel,Portland,OR,no,,Timothy P. Boyle,
Nexstar Media Group,775.0,3039.3,230.3,14891.0,Media,Irving,TX,no,,Perry Sook,
Southwestern Energy,776.0,3038.0,891.0,923.0,Energy,Spring,TX,no,,William J. Way,
Greenbrier,777.0,3033.6,71.1,17100.0,Transportation,Lake Oswego,OR,no,,William A. Furman,
Presidio,778.0,3026.1,35.2,2900.0,Technology,New York,NY,no,,Robert Cagnazzi,
Citrix Systems,779.0,3010.6,681.8,8400.0,Technology,Fort Lauderdale,FL,no,,David J. Henshall,
Mettler-Toledo International,780.0,3008.7,561.1,15525.0,Technology,Columbus,OH,no,,Olivier A. Filliol,
Trinity Industries,781.0,3005.1,137.6,11875.0,Transportation,Dallas,TX,yes,,E. Jean Savage,
Mutual of America Life Insurance,782.0,3004.7,-21.2,1202.0,Financials,New York,NY,no,,John R. Greed,
Lincoln Electric Holdings,783.0,3003.3,293.1,11000.0,Industrials,Cleveland,OH,no,,Christopher L. Mapes,
Tailored Brands,784.0,2998.7,-82.3,16500.0,Retailing,Houston,TX,no,,Dinesh S. Lathi,
A.O. Smith,785.0,2992.7,370.0,15100.0,Industrials,Milwaukee,WI,no,,Kevin J. Wheeler,
ArcBest,786.0,2988.3,40.0,13000.0,Transportation,Fort Smith,AR,yes,,Judy R. McReynolds,
GoDaddy,787.0,2988.1,137.0,7024.0,Technology,Scottsdale,AZ,no,,Aman Bhutani,
SkyWest,788.0,2972.0,340.1,13700.0,Transportation,St. George,UT,no,,Russell A. Childs,
Boston Properties,789.0,2960.6,521.5,760.0,Financials,Boston,MA,no,,Owen D. Thomas,
Enable Midstream Partners,790.0,2960.0,396.0,1735.0,Energy,Oklahoma City,OK,no,,Rodney J. Sailor,
Middleby,791.0,2959.4,352.2,9778.0,Industrials,Elgin,IL,no,,Timothy J. FitzGerald,
NOW,792.0,2951.0,-97.0,4300.0,Energy,Houston,TX,no,,David A. Cherechinsky,
Unisys,793.0,2948.7,-17.2,20800.0,Technology,Blue Bell,PA,no,,Peter A. Altabef,
Visteon,794.0,2945.0,70.0,11000.0,Motor Vehicles & Parts,Van Buren Township,MI,no,,Sachin S. Lawande,
Graham Holdings,795.0,2932.1,327.9,15902.0,Business Services,Arlington,VA,no,,,
Resolute Forest Products,796.0,2923.0,-47.0,6700.0,Materials,Calhoun,TN,no,,Remi G. Lalonde,
Caleres,797.0,2921.6,62.8,11400.0,Retailing,St. Louis,MO,yes,,Diane M. Sullivan,
AGNC Investment,798.0,2920.0,688.0,51.0,Financials,Bethesda,MD,no,,Gary D. Kain,
Hill-Rom Holdings,799.0,2907.3,152.2,10000.0,Health Care,Chicago,IL,no,,John P. Groetelaars,
Moog,800.0,2904.7,179.7,12809.0,Aerospace & Defense,East Aurora,NY,no,,John R. Scannell,
Legg Mason,801.0,2903.3,-28.5,3246.0,Financials,Baltimore,MD,no,,Matthew Nicholls,
Atmos Energy,802.0,2901.8,511.4,4776.0,Energy,Dallas,TX,no,,John K. Akers,
Woodward,803.0,2900.2,259.6,9023.0,Aerospace & Defense,Fort Collins,CO,no,,Thomas A. Gendron,
Palo Alto Networks,804.0,2899.6,-81.9,7014.0,Technology,Santa Clara,CA,no,,Nikesh Arora,
H.B. Fuller,805.0,2897.0,130.8,6369.0,Chemicals,St. Paul,MN,no,,James J. Owens,
Akamai Technologies,806.0,2893.6,478.0,7724.0,Technology,Cambridge,MA,no,,F. Thomson Leighton,
Avaya Holdings,807.0,2887.0,-671.0,7900.0,Technology,Santa Clara,CA,no,,James M. Chirico Jr.,
Maximus,808.0,2886.8,240.8,29600.0,Technology,Reston,VA,no,,Bruce L. Caswell,
PerkinElmer,809.0,2883.7,227.6,13000.0,Technology,Waltham,MA,no,,Prahlad R. Singh,
Hawaiian Electric Industries,810.0,2874.6,217.9,3841.0,Energy,Honolulu,HI,yes,,Constance H. Lau,
Kansas City Southern,811.0,2866.0,538.9,7040.0,Transportation,Kansas City,MO,no,,Patrick J. Ottensmeyer,
AptarGroup,812.0,2859.7,242.2,14000.0,Materials,Crystal Lake,IL,no,,Stephan B. Tanda,
Public Storage,813.0,2846.8,1520.5,5900.0,Financials,Glendale,CA,no,,Joseph D. Russell Jr.,
Selective Insurance Group,814.0,2846.5,271.6,2400.0,Financials,Branchville,NJ,no,,John J. Marchioni,
ITT,815.0,2846.4,325.1,10500.0,Industrials,White Plains,NY,no,,Luca Savi,
Donaldson,816.0,2844.9,267.2,14100.0,Industrials,Minneapolis,MN,no,,Tod E. Carpenter,
Park Hotels & Resorts,817.0,2844.0,306.0,488.0,Financials,Tysons,VA,no,,Thomas J. Baltimore Jr.,
Kirby,818.0,2838.4,142.3,5550.0,Transportation,Houston,TX,no,,David W. Grzebinski,
Hawaiian Holdings,819.0,2832.2,224.0,7437.0,Transportation,Honolulu,HI,no,,Peter R. Ingram,
Popular,820.0,2830.7,671.1,8560.0,Financials,Hato Rey,PR,no,,Ignacio Alvarez,
Range Resources,821.0,2827.6,-1716.3,655.0,Energy,Fort Worth,TX,no,,Jeffrey L. Ventura,
PC Connection,822.0,2820.0,82.1,2609.0,Wholesalers,Merrimack,NH,no,,Timothy J. McGrath,
Amica Mutual Insurance,823.0,2808.5,173.3,3983.0,Financials,Lincoln,RI,no,,Robert A. DiMuccio,
EnerSys,824.0,2808.0,160.2,11000.0,Industrials,Reading,PA,no,,David M. Shaffer,
Helmerich & Payne,825.0,2798.5,-33.7,8502.0,Energy,Tulsa,OK,no,,John W. Lindsay,
NLV Financial,826.0,2772.1,223.5,1278.0,Financials,Montpelier,VT,no,,Mehran Assadi,
Valmont Industries,827.0,2767.0,153.8,9862.0,Materials,Omaha,NE,no,,Stephen G. Kaniewski,
PAE,828.0,2763.9,-49.8,20000.0,Aerospace & Defense,Falls Church,VA,no,,John E. Heller,
Texas Roadhouse,829.0,2756.2,174.5,35554.0,Hotels, Restaurants & Leisure,Louisville,KY,no,,W. Kent Taylor,
Cooper Tire & Rubber,830.0,2752.6,96.4,8720.0,Motor Vehicles & Parts,Findlay,OH,no,,Bradley E. Hughes,
Euronet Worldwide,831.0,2750.1,346.7,7700.0,Business Services,Leawood,KS,no,,Michael J. Brown,
Zillow Group,832.0,2742.8,-305.4,5249.0,Technology,Seattle,WA,no,,Richard N. Barton,
Atlas Air Worldwide Holdings,833.0,2739.2,-293.1,3587.0,Transportation,Purchase,NY,no,,John W. Dietrich,
Energizer Holdings,834.0,2729.6,51.1,7500.0,Household Products,St. Louis,MO,no,,Mark S. LaVigne,
Magellan Midstream Partners,835.0,2727.9,1020.8,1884.0,Energy,Tulsa,OK,no,,Michael N. Mears,
Hain Celestial Group,836.0,2710.6,-183.3,5441.0,Food, Beverages & Tobacco,Lake Success,NY,no,,Mark L. Schiller,
Univision Communications,837.0,2703.8,286.8,4500.0,Media,New York,NY,no,,Vincent L. Sadusky,
Equity Residential,838.0,2701.1,970.4,2700.0,Financials,Chicago,IL,no,,Mark J. Parrell,
Allison Transmission Holdings,839.0,2698.0,604.0,3700.0,Motor Vehicles & Parts,Indianapolis,IN,no,,David S. Graziosi,
Colony Capital,840.0,2689.6,-1048.8,400.0,Financials,Los Angeles,CA,no,,Marc C. Ganzi,
TTM Technologies,841.0,2689.3,41.3,25700.0,Technology,Santa Ana,CA,no,,Thomas T. Edman,
Clear Channel Outdoor Holdings,842.0,2683.8,-363.3,5900.0,Business Services,San Antonio,TX,no,,C. William Eccleshare,
Guess,843.0,2678.1,96.0,15800.0,Retailing,Los Angeles,CA,no,,Carlos E. Alberini,
Rent-A-Center,844.0,2669.9,173.5,14500.0,Retailing,Plano,TX,no,,Mitchell E. Fadel,
Take-Two Interactive Software,845.0,2668.4,333.8,4894.0,Media,New York,NY,no,,Strauss Zelnick,
Vishay Intertechnology,846.0,2668.3,163.9,22400.0,Technology,Malvern,PA,no,,Gerald Paul,
TransUnion,847.0,2656.1,346.9,8000.0,Business Services,Chicago,IL,no,,Christopher Cartwright,
Cooper,848.0,2653.4,466.7,12000.0,Health Care,San Ramon,CA,no,,Albert G. White III,
FleetCor Technologies,849.0,2648.8,895.1,8700.0,Business Services,Atlanta,GA,no,,Ronald F. Clarke,
RH,850.0,2647.4,220.4,4750.0,Retailing,Corte Madera,CA,no,,Gary G. Friedman,
Renewable Energy Group,851.0,2643.2,380.1,829.0,Energy,Ames,IA,yes,,Cynthia J. Warner,
BlueLinx Holdings,852.0,2637.3,-17.7,2189.0,Wholesalers,Marietta,GA,no,,Mitchell B. Lewis,
California Resources,853.0,2634.0,-28.0,1250.0,Energy,Santa Clarita,CA,no,,Mark A. McFarland,
TopBuild,854.0,2624.1,191.0,10400.0,Engineering & Construction,Daytona Beach,FL,no,,Robert Buck,
Charles River Laboratories International,855.0,2621.2,252.0,17100.0,Health Care,Wilmington,MA,no,,James C. Foster,
Comfort Systems USA,856.0,2615.3,114.3,12000.0,Engineering & Construction,Houston,TX,no,,Brian Lane,
Verisk Analytics,857.0,2607.1,449.9,9180.0,Business Services,Jersey City,NJ,no,,Scott G. Stephenson,
ResMed,858.0,2606.6,404.6,7240.0,Health Care,San Diego,CA,no,,Michael J. Farrell,
Teleflex,859.0,2595.4,461.5,14400.0,Health Care,Wayne,PA,no,,Liam J. Kelly,
New Jersey Resources,860.0,2592.0,169.5,1108.0,Energy,Wall,NJ,no,,Stephen D. Westhoven,
New Residential Investment,861.0,2585.6,563.3,3387.0,Financials,New York,NY,no,,Michael Nierenberg,
Interactive Brokers Group,862.0,2580.0,161.0,1643.0,Financials,Greenwich,CT,no,,Milan Galik,
Zayo Group Holdings,863.0,2578.0,150.0,3781.0,Telecommunications,Boulder,CO,no,,Daniel P. Caruso,
Herman Miller,864.0,2567.2,160.5,8000.0,Household Products,Zeeland,MI,yes,,Andrea R. Owen,
Grocery Outlet Holding,865.0,2559.6,15.4,765.0,Food & Drug Stores,Emeryville,CA,no,,Eric J. Lindberg Jr.,
J.Crew Group,866.0,2540.1,-78.8,9400.0,Retailing,New York,NY,yes,,Libby Wadle,
Century Communities,867.0,2535.9,113.0,1460.0,Engineering & Construction,Greenwood Village,CO,no,,Dale Francescon/Robert Francescon,
Caesars Entertainment,868.0,2528.2,81.0,15500.0,Hotels, Restaurants & Leisure,Reno,NV,no,,Thomas R. Reeg,
Catalent,869.0,2518.0,137.4,12300.0,Health Care,Somerset,NJ,no,,John R. Chiminski,
Itron,870.0,2502.5,49.0,7300.0,Industrials,Liberty Lake,WA,no,,Thomas L. Deitrich,
M/I Homes,871.0,2500.3,127.6,1401.0,Engineering & Construction,Columbus,OH,no,,Robert H. Schottenstein,
Cboe Global Markets,872.0,2496.1,374.9,823.0,Financials,Chicago,IL,no,,Edward Tilly,
IDEX,873.0,2494.6,425.5,7439.0,Industrials,Lake Forest,IL,no,,Eric D. Ashleman,
Belden,874.0,2491.8,-377.0,7000.0,Industrials,St. Louis,MO,no,,Roel Vestjens,
Curtiss-Wright,875.0,2488.0,307.6,9100.0,Industrials,Davidson,NC,yes,,Lynn M. Bamford,
Cheesecake Factory,876.0,2482.7,127.3,46250.0,Hotels, Restaurants & Leisure,Calabasas Hills,CA,no,,David M. Overton,
Genesis Energy,877.0,2480.8,96.0,2177.0,Energy,Houston,TX,no,,Grant E. Sims,
GEO Group,878.0,2477.9,166.6,22000.0,Business Services,Boca Raton,FL,no,,George C. Zoley,
Patterson-UTI Energy,879.0,2470.7,-425.7,5800.0,Energy,Houston,TX,no,,William A. Hendricks Jr.,
Werner Enterprises,880.0,2463.7,166.9,12736.0,Transportation,Omaha,NE,no,,Derek J. Leathers,
Ingersoll Rand,881.0,2451.9,159.1,6600.0,Industrials,Davidson,NC,no,,Vicente Reynal,
Verso,882.0,2444.0,96.0,3700.0,Materials,Miamisburg,OH,no,,Randy J. Nebel,
Mueller Industries,883.0,2430.6,101.0,4964.0,Industrials,Collierville,TN,no,,Gregory L. Christopher,
Nu Skin Enterprises,884.0,2420.4,173.6,24900.0,Household Products,Provo,UT,no,,Ritch N. Wood,
Revlon,885.0,2419.6,-157.7,7100.0,Household Products,New York,NY,yes,,Debra G. Perelman,
Arista Networks,886.0,2410.7,859.9,2300.0,Technology,Santa Clara,CA,yes,,Jayshree Ullal,
IDEXX Laboratories,887.0,2406.9,427.7,9200.0,Health Care,Westbrook,ME,no,,Jonathan J. Mazelsky,
Align Technology,888.0,2406.8,442.8,14530.0,Health Care,San Jose,CA,no,,Joseph Hogan,
Waters,889.0,2406.6,592.2,7467.0,Technology,Milford,MA,no,,Udit Batra,
Synovus Financial,890.0,2406.5,563.8,5389.0,Financials,Columbus,GA,no,,Kessel D. Stelling Jr.,
BrightView Holdings,891.0,2404.6,44.4,21978.0,Business Services,Blue Bell,PA,no,,Andrew V. Masterman,
REV Group,892.0,2403.7,-12.3,8040.0,Motor Vehicles & Parts,Milwaukee,WI,no,,Rodney N. Rushing,
Brown & Brown,893.0,2392.2,398.5,10083.0,Financials,Daytona Beach,FL,no,,J. Powell Brown,
Valvoline,894.0,2390.0,208.0,7900.0,Chemicals,Lexington,KY,no,,Samuel J. Mitchell Jr.,
Knights of Columbus,895.0,2387.8,148.3,772.0,Financials,New Haven,CT,no,,Carl A. Anderson,
Central Garden & Pet,896.0,2383.0,92.8,5550.0,Household Products,Walnut Creek,CA,no,,Timothy P. Cofer,
Carpenter Technology,897.0,2380.2,167.0,5100.0,Materials,Philadelphia,PA,no,,Tony R. Thene,
SLM,898.0,2380.0,578.3,1900.0,Financials,Newark,DE,no,,Jonathan W. Witter,
Kennametal,899.0,2375.2,241.9,10395.0,Industrials,Pittsburgh,PA,no,,Christopher Rossi,
LCI Industries,900.0,2371.5,146.5,10500.0,Motor Vehicles & Parts,Elkhart,IN,no,,Jason D. Lippert,
TrueBlue,901.0,2368.8,63.1,6200.0,Business Services,Tacoma,WA,no,,A. Patrick Beharelle,
Cimarex Energy,902.0,2363.0,-124.6,987.0,Energy,Denver,CO,no,,Thomas E. Jorden,
Splunk,903.0,2358.9,-336.7,5800.0,Technology,San Francisco,CA,no,,Douglas S. Merritt,
SiteOne Landscape Supply,904.0,2357.5,77.7,4416.0,Wholesalers,Roswell,GA,no,,Doug Black,
Hexcel,905.0,2355.7,306.6,6977.0,Aerospace & Defense,Stamford,CT,no,,Nick L. Stanage,
FTI Consulting,906.0,2352.7,216.7,5567.0,Business Services,Washington,DC,no,,Steven H. Gunby,
Party City Holdco,907.0,2348.8,-532.5,14350.0,Retailing,Elmsford,NY,no,,Brad Weston,
Ohio National Mutual,908.0,2340.5,-67.6,1109.0,Financials,Cincinnati,OH,no,,Gary T. Huffman,
Patrick Industries,909.0,2337.1,89.6,7500.0,Materials,Elkhart,IN,no,,Andy Nemeth,
Cadence Design Systems,910.0,2336.3,989.0,8078.0,Technology,San Jose,CA,no,,Lip-Bu Tan,
CDK Global,911.0,2332.9,124.0,9000.0,Technology,Hoffman Estates,IL,no,,Brian M. Krzanich,
AvalonBay Communities,912.0,2324.6,786.0,3122.0,Financials,Arlington,VA,no,,Timothy J. Naughton,
Wabash National,913.0,2319.1,89.6,6900.0,Motor Vehicles & Parts,Lafayette,IN,no,,Brent L. Yeagy,
Service Properties Trust,914.0,2316.1,259.8,600.0,Financials,Newton,MA,no,,John G. Murray,
Maxim Integrated Products,915.0,2314.3,827.5,7131.0,Technology,San Jose,CA,no,,,
People's United Financial,916.0,2312.2,520.4,6305.0,Financials,Bridgeport,CT,no,,John P. Barnes,
Bio-Rad Laboratories,917.0,2311.7,1758.7,8120.0,Technology,Hercules,CA,no,,Norman D. Schwartz,
Option Care Health,918.0,2310.4,-75.9,5492.0,Health Care,Bannockburn,IL,no,,John C. Rademacher,
Louisiana-Pacific,919.0,2310.0,-5.0,4800.0,Materials,Nashville,TN,no,,W. Bradley Southern,
TEGNA,920.0,2299.5,286.2,6883.0,Media,Tysons,VA,no,,David T. Lougee,
Teradyne,921.0,2295.0,467.5,5400.0,Technology,North Reading,MA,no,,Mark E. Jagiela,
Arch Resources,922.0,2294.4,233.8,3700.0,Energy,St. Louis,MO,no,,Paul A. Lang,
EPAM Systems,923.0,2293.8,261.1,36739.0,Technology,Newtown,PA,no,,Arkadiy Dobkin,
WPX Energy,924.0,2292.0,256.0,590.0,Energy,Tulsa,OK,no,,Richard E. Muncrief,
Alpha Metallurgical Resources,925.0,2290.5,-316.3,4360.0,Energy,Bristol,TN,no,,David J. Stetson,
Ensign Group,926.0,2285.6,110.5,24500.0,Health Care,San Juan Capistrano,CA,no,,Barry R. Port,
First Horizon National,927.0,2278.4,440.9,4994.0,Financials,Memphis,TN,no,,D. Bryan Jordan,
Wolverine World Wide,928.0,2273.7,128.5,4000.0,Apparel,Rockford,MI,no,,Blake W. Krueger,
Vail Resorts,929.0,2271.6,301.2,23000.0,Hotels, Restaurants & Leisure,Broomfield,CO,no,,Robert A. Katz,
Benchmark Electronics,930.0,2268.1,23.4,10600.0,Technology,Tempe,AZ,no,,Jeffrey W. Benck,
HNI,931.0,2246.9,110.5,8450.0,Household Products,Muscatine,IA,no,,Jeffrey D. Lorenger,
F5 Networks,932.0,2242.4,427.7,5325.0,Technology,Seattle,WA,no,,,
Affiliated Managers Group,933.0,2239.6,15.7,4000.0,Financials,West Palm Beach,FL,no,,Jay C. Horgen,
OGE Energy,934.0,2231.6,433.6,2425.0,Energy,Oklahoma City,OK,no,,Sean R. Trauschke,
Universal,935.0,2227.2,104.1,28000.0,Food, Beverages & Tobacco,Richmond,VA,no,,George C. Freeman III,
BOK Financial,936.0,2226.3,500.8,5107.0,Financials,Tulsa,OK,no,,Steven G, Bradshaw,
ManTech International,937.0,2222.6,113.9,8900.0,Technology,Herndon,VA,no,,Kevin M. Phillips,
Summit Materials,938.0,2222.1,59.1,6000.0,Materials,Denver,CO,yes,,Anne P. Noonan,
AMN Healthcare Services,939.0,2222.1,114.0,3236.0,Health Care,Dallas,TX,yes,,Susan R. Salka,
Groupon,940.0,2218.9,-22.4,6345.0,Technology,Chicago,IL,no,,Aaron Cooper,
Newmark Group,941.0,2218.1,117.3,5600.0,Financials,New York,NY,no,,Barry M. Gosin,
Fossil Group,942.0,2217.7,-52.4,10200.0,Apparel,Richardson,TX,no,,Kosta N. Kartsotis,
Modine Manufacturing,943.0,2212.7,84.8,12200.0,Motor Vehicles & Parts,Racine,WI,no,,Neil D. Brinker,
Griffon,944.0,2209.3,37.3,7300.0,Materials,New York,NY,no,,Ronald J. Kramer,
Cypress Semiconductor,945.0,2205.3,40.4,5871.0,Technology,San Jose,CA,no,,Robert LeFort,
Generac Holdings,946.0,2204.3,252.0,5551.0,Industrials,Waukesha,WI,no,,Aaron Jagdfeld,
Matson,947.0,2203.1,82.7,1988.0,Transportation,Honolulu,HI,no,,Matthew J. Cox,
Genesco,948.0,2197.1,61.4,13850.0,Retailing,Nashville,TN,yes,,Mimi Eckel Vaughn,
Nordson,949.0,2194.2,337.1,7579.0,Industrials,Westlake,OH,no,,Sundaram Nagarajan,
NewMarket,950.0,2190.3,254.3,2118.0,Chemicals,Richmond,VA,no,,Thomas E. Gottwald,
Echo Global Logistics,951.0,2185.0,14.8,2539.0,Transportation,Chicago,IL,no,,Douglas R. Waggoner,
Rexnord,952.0,2175.2,34.3,6700.0,Industrials,Milwaukee,WI,no,,Todd A. Adams,
Incyte,953.0,2158.8,446.9,1456.0,Health Care,Wilmington,DE,no,,,
Fortinet,954.0,2156.2,326.5,7082.0,Technology,Sunnyvale,CA,no,,Ken Xie,
Foundation Building Materials,955.0,2154.5,40.2,3500.0,Wholesalers,Santa Ana,CA,no,,Ruben D. Mendoza,
AAR,956.0,2147.6,7.5,5650.0,Aerospace & Defense,Wood Dale,IL,no,,John M. Holmes,
Centric Brands,957.0,2146.5,-273.5,3250.0,Apparel,New York,NY,no,,Jason Rabin,
Edgewell Personal Care,958.0,2141.0,-372.2,6000.0,Household Products,Shelton,CT,no,,Rod R. Little,
Federated Mutual Insurance,959.0,2134.5,229.6,2638.0,Financials,Owatonna,MN,no,,Michael G. Kerr,
Schnitzer Steel Industries,960.0,2132.8,56.3,3363.0,Materials,Portland,OR,yes,,Tamara L. Lundgren,
Portland General Electric,961.0,2123.0,214.0,2949.0,Energy,Portland,OR,yes,,Maria M. Pope,
Gray Television,962.0,2122.0,179.0,7465.0,Media,Atlanta,GA,no,,Hilton H. Howell Jr.,
BGC Partners,963.0,2104.2,55.7,5200.0,Financials,New York,NY,no,,Howard W. Lutnick,
EchoStar,964.0,2098.3,-62.9,2300.0,Technology,Englewood,CO,no,,Michael T. Dugan,
Beazer Homes USA,965.0,2087.8,-79.5,1205.0,Engineering & Construction,Atlanta,GA,no,,Allan P. Merrill,
LHC Group,966.0,2080.2,95.7,22785.0,Health Care,Lafayette,LA,no,,Keith G. Myers,
ServiceMaster Global Holdings,967.0,2077.0,128.0,12000.0,Business Services,Memphis,TN,no,,Brett T. Ponton,
Bruker,968.0,2072.6,197.2,7230.0,Technology,Billerica,MA,no,,Frank H. Laukien,
Oasis Petroleum,969.0,2071.7,-128.2,609.0,Energy,Houston,TX,no,,Douglas E. Brooks,
CrossAmerica Partners,970.0,2071.4,18.1,548.0,Energy,Allentown,PA,no,,Charles M. Nifong Jr.,
MYR Group,971.0,2071.2,37.7,7100.0,Engineering & Construction,Rolling Meadows,IL,no,,Richard Swartz Jr.,
Viasat,972.0,2068.3,-67.6,5600.0,Technology,Carlsbad,CA,no,,Richard A. Baldridge,
GNC Holdings,973.0,2068.2,-35.1,8400.0,Food & Drug Stores,Pittsburgh,PA,no,,Kenneth A. Martindale,
Cabot Oil & Gas,974.0,2066.3,681.1,547.0,Energy,Houston,TX,no,,Dan Dinges,
Bright Horizons Family Solutions,975.0,2062.0,180.4,33800.0,Business Services,Watertown,MA,no,,Stephen H. Kramer,
Vista Outdoor,976.0,2058.5,-648.4,5200.0,Household Products,Anoka,MN,no,,Christopher T. Metz,
HEICO,977.0,2055.6,327.9,5900.0,Aerospace & Defense,Hollywood,FL,no,,Laurans A. Mendelson,
Wyndham Hotels & Resorts,978.0,2053.0,157.0,14200.0,Hotels, Restaurants & Leisure,Parsippany,NJ,no,,Geoffrey A. Ballotti,
TCF Financial,979.0,2052.8,295.5,7732.0,Financials,Detroit,MI,no,,David T. Provost,
Primerica,980.0,2052.5,366.4,2502.0,Financials,Duluth,GA,no,,Glenn J. Williams,
ProPetro Holding,981.0,2052.3,163.0,1579.0,Energy,Midland,TX,no,,Phillip A. Gobe,
Oceaneering International,982.0,2048.1,-348.4,9100.0,Energy,Houston,TX,no,,Roderick A. Larson,
Floor & Decor Holdings,983.0,2045.5,150.6,6336.0,Retailing,Atlanta,GA,no,,Thomas Taylor Jr.,
Copart,984.0,2042.0,591.7,7327.0,Retailing,Dallas,TX,no,,A. Jayson Adair,
Chico's FAS,985.0,2037.9,-12.8,10944.0,Retailing,Fort Myers,FL,yes,,Molly Langenstein,
Barnes & Noble Education,986.0,2034.6,-24.4,12400.0,Retailing,Basking Ridge,NJ,no,,Michael P. Huseby,
Maxar Technologies,987.0,2033.0,109.0,5800.0,Aerospace & Defense,Westminster,CO,no,,Daniel L. Jablonsky,
Evercore,988.0,2028.8,297.4,1900.0,Financials,New York,NY,no,,Ralph L. Schlosstein/John S. Weinberg,
Deckers Outdoor,989.0,2020.4,264.3,3500.0,Apparel,Goleta,CA,no,,David Powers,
Express,990.0,2019.2,-164.4,9160.0,Retailing,Columbus,OH,no,,Timothy G. Baxter,
Hovnanian Enterprises,991.0,2016.9,-42.1,1868.0,Engineering & Construction,Matawan,NJ,no,,Ara K. Hovnanian,
Air Lease,992.0,2016.9,587.1,117.0,Business Services,Los Angeles,CA,no,,John L. Plueger,
Rollins,993.0,2015.5,203.3,14952.0,Business Services,Atlanta,GA,no,,Gary W. Rollins,
SBA Communications,994.0,2014.6,147.0,1475.0,Financials,Boca Raton,FL,no,,Jeffrey A. Stoops,
Deluxe,995.0,2008.7,-199.9,6352.0,Media,Shoreview,MN,no,,Barry C. McCarthy,
Mr. Cooper Group,996.0,2007.0,274.0,9100.0,Financials,Coppell,TX,no,,Jay Bray,
Herc Holdings,997.0,1999.0,47.5,5100.0,Business Services,Bonita Springs,FL,no,,Lawrence H. Silber,
Healthpeak Properties,998.0,1997.4,45.5,204.0,Financials,Irvine,CA,no,,Thomas M. Herzog,
SPX FLOW,999.0,1996.3,-95.1,5000.0,Industrials,Charlotte,NC,no,,Marcus G. Michael,
Liberty Oilfield Services,1000.0,1990.3,39.0,2571.0,Energy,Denver,CO,no,,Christopher A. Wright,
