company;rank;revenue;profit;employees;sector;city;state;ceo_woman;prev_rank;CEO;Foundation
Walmart;1;523964;14881;2200000;Retailing;Bentonville;AR;no;1;C. Douglas McMillon;1962-07-02
Amazon;2;280522;11588;798000;Retailing;Seattle;WA;no;5;Jeffrey P. Bezos;1994-07-05
Exxon Mobil;3;264938;14340;74900;Energy;Irving;TX;no;2;Darren W. Woods;1999-11-30
Apple;4;260174;55256;137000;Technology;Cupertino;CA;no;3;Timothy D. Cook;1976-04-01
CVS Health;5;256776;6634;290000;Health Care;Woonsocket;RI;yes;8;Karen S. Lynch;1963-05-08
Berkshire Hathaway;6;254616;81417;391500;Financials;Omaha;NE;no;4;Warren E. Buffett;01/01/1839
UnitedHealth Group;7;242155;13839;325000;Health Care;Minnetonka;MN;no;6;Andrew P. Witty;1977-01-01
McKesson;8;214319;34;70000;Health Care;Irving;TX;no;7;Brian S. Tyler;01/01/1833
AT&T;9;181193;13903;247800;Telecommunications;Dallas;TX;no;9;John T. Stankey;1983-10-05
AmerisourceBergen;10;179589.1;855.4;21500;Health Care;Chesterbrook;PA;no;10;Steven H. Collis;2001-01-01
Alphabet;11;161857;34343;118899;Technology;Mountain View;CA;no;15;Sundar Pichai;2015-10-02
Ford Motor;12;155900;47;190000;Motor Vehicles & Parts;Dearborn;MI;no;12;James D. Farley Jr.;1903-06-16
Cigna;13;153566;5104;73700;Health Care;Bloomfield;CT;no;65;David Cordani;1982-01-01
Costco Wholesale;14;152703;3659;201500;Retailing;Issaquah;WA;no;14;W. Craig Jelinek;1983-09-15
Chevron;15;146516;2924;48200;Energy;San Ramon;CA;no;11;Michael K. Wirth;10/09/1879
Cardinal Health;16;145534;1363;49500;Health Care;Dublin;OH;no;16;Michael C. Kaufmann;1971-01-01
JPMorgan Chase;17;142422;36431;256981;Financials;New York;NY;no;18;James Dimon;2000-12-31
General Motors;18;137237;6732;164000;Motor Vehicles & Parts;Detroit;MI;yes;13;Mary T. Barra;1908-09-16
Walgreens Boots Alliance;19;136866;3982;287000;Food & Drug Stores;Deerfield;IL;no;17;Stefano Pessina;2014-12-31
Verizon Communications;20;131868;19265;135000;Telecommunications;New York;NY;no;19;Hans E. Vestberg;1983-10-07
Microsoft;21;125843;39240;144000;Technology;Redmond;WA;no;26;Satya Nadella;1975-04-04
Marathon Petroleum;22;124813;2637;60910;Energy;Findlay;OH;no;31;Michael J. Hennigan;2009-11-09
Kroger;23;122286;1659;435000;Food & Drug Stores;Cincinnati;OH;no;20;W. Rodney McMullen;01/01/1883
Fannie Mae;24;120304;14160;7500;Financials;Washington;DC;no;22;Hugh R. Frater;1938-01-01
Bank of America;25;113589;27430;208131;Financials;Charlotte;NC;no;25;Brian T. Moynihan;1998-09-30
Home Depot;26;110225;11242;415700;Retailing;Atlanta;GA;no;27;Craig A. Menear;1978-06-29
Phillips 66;27;109559;3076;14500;Energy;Houston;TX;no;23;Greg C. Garland;2012-01-01
Comcast;28;108942;13057;190000;Telecommunications;Philadelphia;PA;no;32;Brian L. Roberts;
Anthem;29;104213;4807;70600;Health Care;Indianapolis;IN;yes;33;Gail K. Boudreaux;
Wells Fargo;30;103915;19549;259800;Financials;San Francisco;CA;no;29;Charles W. Scharf;
Citigroup;31;103449;19401;200000;Financials;New York;NY;yes;30;Jane Fraser;
Valero Energy;32;102729;2422;10222;Energy;San Antonio;TX;no;24;Joseph W. Gorder;
General Electric;33;95214;-4979;205000;Industrials;Boston;MA;no;21;H. Lawrence Culp Jr.;
Dell Technologies;34;92154;4616;165000;Technology;Round Rock;TX;no;34;Michael S. Dell;
Johnson & Johnson;35;82059;15119;132200;Health Care;New Brunswick;NJ;no;37;Alex Gorsky;
State Farm Insurance;36;79395.3;5592.7;57672;Financials;Bloomington;IL;no;36;Michael L. Tipsord;
Target;37;78112;3281;368000;Retailing;Minneapolis;MN;no;39;Brian C. Cornell;
IBM;38;77147;9431;383800;Technology;Armonk;NY;no;38;Arvind Krishna;
Raytheon Technologies;39;77046;5537;243200;Aerospace & Defense;Waltham;MA;no;46;Gregory J. Hayes;
Boeing;40;76559;-636;161100;Aerospace & Defense;Chicago;IL;no;28;David L. Calhoun;
Freddie Mac;41;75125;7214;6892;Financials;McLean;VA;no;40;Michael T. Hutchins;
Centene;42;74639;1321;56600;Health Care;St. Louis;MO;no;51;Michael F. Neidorff;
UPS;43;74094;4440;377640;Transportation;Atlanta;GA;yes;41;Carol B. Tomé;
;;;;;;;;;;;
Intel;45;71965;21048;110800;Technology;Santa Clara;CA;no;43;Patrick P. Gelsinger;
Facebook;46;70697;18485;44942;Technology;Menlo Park;CA;no;57;Mark Zuckerberg;
FedEx;47;69693;540;389500;Transportation;Memphis;TN;no;47;Frederick W. Smith;
MetLife;48;69620;5899;49000;Financials;New York;NY;no;44;Michel A. Khalaf;
Walt Disney;49;69570;11054;223000;Media;Burbank;CA;no;53;Robert A. Chapek;
Procter & Gamble;50;67684;3897;97000;Household Products;Cincinnati;OH;no;45;David S. Taylor;
PepsiCo;51;67161;7314;267000;Food, Beverages & Tobacco;Purchase;NY;no;48;Ramon L. Laguarta;
Humana;52;64888;2707;46000;Health Care;Louisville;KY;no;56;Bruce D. Broussard;
Prudential Financial (U.S.);53;64807;4186;51511;Financials;Newark;NJ;no;50;Charles F. Lowrey;
Archer Daniels Midland;54;64656;1379;38100;Food, Beverages & Tobacco;Chicago;IL;no;49;Juan R. Luciano;
Albertsons;55;60534.5;131.1;267000;Food & Drug Stores;Boise;ID;no;52;Vivek Sankaran;
Sysco;56;60113.9;1674.3;69000;Wholesalers;Houston;TX;no;54;Kevin P. Hourican;
Lockheed Martin;57;59812;6230;110000;Aerospace & Defense;Bethesda;MD;no;60;James D. Taiclet Jr.;
HP;58;58756;3152;56000;Technology;Palo Alto;CA;no;55;Enrique J. Lores;
Energy Transfer;59;54213;3592;12812;Energy;Dallas;TX;no;59;Mackie McCrea/Tom Long;
Goldman Sachs Group;60;53922;8466;38300;Financials;New York;NY;no;62;David M. Solomon;
Morgan Stanley;61;53823;9042;60431;Financials;New York;NY;no;63;James P. Gorman;
Caterpillar;62;53800;6093;102300;Industrials;Deerfield;IL;no;58;D. James Umpleby III;
Cisco Systems;63;51904;11621;75900;Technology;San Jose;CA;no;64;Charles H. Robbins;
Pfizer;64;51750;16273;88300;Health Care;New York;NY;no;61;Albert Bourla;
HCA Healthcare;65;51336;3505;245000;Health Care;Nashville;TN;no;67;Samuel N. Hazen;
American International Group;66;49746;3348;46000;Financials;New York;NY;no;66;Peter S. Zaffino;
American Express;67;47020;6759;64500;Financials;New York;NY;no;72;Stephen J. Squeri;
Delta Air Lines;68;47007;4767;91224;Transportation;Atlanta;GA;no;69;Edward H. Bastian;
Merck;69;46840;9843;71000;Health Care;Kenilworth;NJ;no;76;Kenneth C. Frazier;
American Airlines Group;70;45768;1686;133700;Transportation;Fort Worth;TX;no;68;W. Douglas Parker;
Charter Communications;71;45764;1668;95100;Telecommunications;Stamford;CT;no;70;Thomas M. Rutledge;
Allstate;72;44675;4847;46035;Financials;Northbrook;IL;no;82;Thomas J. Wilson;
New York Life Insurance;73;44116.6;1003.8;11519;Financials;New York;NY;no;71;Theodore A. Mathas;
Nationwide;74;43982;829.7;28114;Financials;Columbus;OH;no;73;Kirt A. Walker;
Best Buy;75;43638;1541;125000;Retailing;Richfield;MN;yes;74;Corie Barry;
United Airlines Holdings;76;43259;3009;96000;Transportation;Chicago;IL;no;78;J. Scott Kirby;
Liberty Mutual Insurance Group;77;43228;1044;45000;Financials;Boston;MA;no;75;David H. Long;
Dow;78;42951;-1359;36500;Chemicals;Midland;MI;no; ;James R. Fitterling;
Tyson Foods;79;42405;2022;141000;Food, Beverages & Tobacco;Springdale;AR;no;80;Dean Banks;
TJX;80;41717;3272.2;286000;Retailing;Framingham;MA;no;85;Ernie L. Herrman;
TIAA;81;40454.4;2460.1;16533;Financials;New York;NY;no;79;Roger W. Ferguson Jr.;
Oracle;82;39506;11083;136000;Technology;Redwood City;CA;yes;81;Safra A. Catz;
General Dynamics;83;39350;3484;102900;Aerospace & Defense;Reston;VA;yes;92;Phebe N. Novakovic;
Deere;84;39258;3253;73489;Industrials;Moline;IL;no;87;John C. May;
Nike;85;39117;4029;76700;Apparel;Beaverton;OR;no;90;John J. Donahoe II;
Progressive;86;39022.3;3970.3;41571;Financials;Mayfield Village;OH;yes;99;Susan Patricia Griffith;
Publix Super Markets;87;38462.8;3005.4;207000;Food & Drug Stores;Lakeland;FL;no;91;Randall T. Jones Sr.;
Coca-Cola;88;37266;8920;86200;Food, Beverages & Tobacco;Atlanta;GA;no;100;James R. Quincey;
Massachusetts Mutual Life;89;37253.4;3700.7;9896;Financials;Springfield;MA;no;84;Roger W. Crandall;
Tech Data;90;36998.4;374.5;15000;Wholesalers;Clearwater;FL;no;88;Richard T. Hume;
World Fuel Services;91;36819;178.9;5500;Energy;Miami;FL;no;83;Michael J. Kasbar;
Honeywell International;92;36709;6143;113000;Industrials;Charlotte;NC;no;77;Darius E. Adamczyk;
ConocoPhillips;93;36670;7189;10400;Energy;Houston;TX;no;86;Ryan M. Lance;
USAA;94;35617.4;4006.3;35076;Financials;San Antonio;TX;no;101;Wayne Peacock;
Exelon;95;34438;2936;32713;Energy;Chicago;IL;no;93;Christopher M. Crane;
Northrop Grumman;96;33841;2248;90000;Aerospace & Defense;Falls Church;VA;yes;108;Kathy J. Warden;
Capital One Financial;97;33766;5546;51900;Financials;McLean;VA;no;98;Richard D. Fairbank;
Plains GP Holdings;98;33669;331;5000;Energy;Houston;TX;no;94;Wilfred C.W. Chiang;
AbbVie;99;33266;7882;30000;Health Care;North Chicago;IL;no;96;Richard A. Gonzalez;
StoneX Group;100;32897;85.1;2012;Financials;New York;NY;no;112;Sean O'Connor;
Enterprise Products Partners;101;32789.2;4591.3;7300;Energy;Houston;TX;no;89;A. James Teague /W. Randall Fowler;
Northwestern Mutual;102;32293.6;1268;5964;Financials;Milwaukee;WI;no;111;John E. Schlifske;
3M;103;32136;4570;96163;Chemicals;St. Paul;MN;no;95;Michael F. Roman;
Abbott Laboratories;104;31904;3687;107000;Health Care;Abbott Park;IL;no;103;Robert B. Ford;
CHS;105;31900.5;829.9;10703;Food, Beverages & Tobacco;Inver Grove Heights;MN;no;97;Jay D. Debertin;
Travelers Cos.;106;31581;2622;30800;Financials;New York;NY;no;106;Alan D. Schnitzer;
Philip Morris International;107;29805;7185;73500;Food, Beverages & Tobacco;New York;NY;no;110;André Calantzopoulos;
Raytheon;108;29176;3343;70000;Aerospace & Defense;Waltham;MA;no;114;Roy A. Azevedo/Wesley D. Kramer;
Hewlett Packard Enterprise;109;29135;1049;61600;Technology;San Jose;CA;no;102;Antonio F. Neri;
Arrow Electronics;110;28916.8;-204.1;19300;Wholesalers;Centennial;CO;no;109;Michael J. Long;
ViacomCBS;111;27812;3308;26280;Media;New York;NY;no;217;Robert M. Bakish;
Dollar General;112;27754;1712.6;143000;Retailing;Goodlettsville;TN;no;119;Todd J. Vasos;
U.S. Bancorp;113;27325;6914;69651;Financials;Minneapolis;MN;no;117;Andrew J. Cecere;
Starbucks;114;26508.6;3599.2;346000;Hotels, Restaurants & Leisure;Seattle;WA;no;121;Kevin R. Johnson;
Bristol-Myers Squibb;115;26145;3439;30000;Health Care;New York;NY;no;138;Giovanni Caforio;
US Foods Holding;116;25939;385;28000;Wholesalers;Rosemont;IL;no;125;Pietro Satriano;
Mondelez International;117;25868;3870;80000;Food, Beverages & Tobacco;Deerfield;IL;no;116;Dirk Van de Put;
Paccar;118;25599.7;2387.9;27000;Industrials;Bellevue;WA;no;130;R. Preston Feight;
Thermo Fisher Scientific;119;25542;3696;75000;Technology;Waltham;MA;no;124;Marc N. Casper;
;;;;;;;;;;;
Jabil;121;25282.3;287.1;200000;Technology;St. Petersburg;FL;no;140;Mark T. Mondello;
Kraft Heinz;122;24977;1935;37000;Food, Beverages & Tobacco;Chicago;IL;no;115;Miguel Patricio;
Duke Energy;123;24658;3748;28793;Energy;Charlotte;NC;yes;126;Lynn J. Good;
Tesla;124;24578;-862;48016;Motor Vehicles & Parts;Palo Alto;CA;no;144;Elon Musk;
PBF Energy;125;24508.2;319.4;3442;Energy;Parsippany;NJ;no;113;Thomas J. Nimbley;
Qualcomm;126;24273;4386;37000;Technology;San Diego;CA;no;137;Steven M. Mollenkopf;
NGL Energy Partners;127;24087.8;360;1300;Energy;Tulsa;OK;no;179;H. Michael Krimbill;
CBRE Group;128;23894.1;1282.4;100000;Financials;Los Angeles;CA;no;146;Robert E. Sulentic;
Baker Hughes;129;23838;128;68000;Energy;Houston;TX;no; ;Lorenzo Simonelli;
Synnex;130;23757.3;500.7;240900;Wholesalers;Fremont;CA;no;158;Dennis Polk;
Dollar Tree;131;23610.8;827;125000;Retailing;Chesapeake;VA;no;135;Michael A. Witynski;
Cummins;132;23571;2260;61615;Industrials;Columbus;IN;no;128;N. Thomas Linebarger;
United Natural Foods;133;23481.1;-285;19000;Wholesalers;Providence;RI;no;310;Steven L. Spinner;
Micron Technology;134;23406;6313;37000;Technology;Boise;ID;no;105;Sanjay Mehrotra;
Amgen;135;23362;7842;23400;Health Care;Thousand Oaks;CA;no;129;Robert A. Bradway;
Penske Automotive Group;136;23179.4;435.8;26980;Retailing;Bloomfield Hills;MI;no;136;Roger S. Penske;
Visa;137;22977;12080;19500;Business Services;San Francisco;CA;no;153;Alfred F. Kelly Jr.;
Broadcom;138;22597;2724;19000;Technology;San Jose;CA;no;150;Hock E. Tan;
Nucor;139;22588.9;1271.1;26800;Materials;Charlotte;NC;no;120;Leon J. Topalian;
Gilead Sciences;140;22449;5386;11800;Health Care;Foster City;CA;no;139;Daniel P. O'Day;
Southwest Airlines;141;22428;2300;60767;Transportation;Dallas;TX;no;142;Gary C. Kelly;
Halliburton;142;22408;-1131;55000;Energy;Houston;TX;no;127;Jeffrey A. Miller;
Lumen Technologies;143;22401;-5269;42500;Telecommunications;Monroe;LA;no;132;Jeffrey K. Storey;
International Paper;144;22376;1225;51000;Materials;Memphis;TN;no;133;Mark S. Sutton;
Eli Lilly;145;22319.5;8318.4;33625;Health Care;Indianapolis;IN;no;123;David A. Ricks;
Aflac;146;22307;3304;11729;Financials;Columbus;GA;no;143;Daniel P. Amos;
Lennar;147;22259.6;1849.1;10106;Engineering & Construction;Miami;FL;no;154;Richard Beckwitt/Jon M. Jaffe;
Occidental Petroleum;148;21971;-667;14400;Energy;Houston;TX;yes;167;Vicki A. Hollub;
Union Pacific;149;21708;5919;37483;Transportation;Omaha;NE;no;134;Lance M. Fritz;
Rite Aid;150;21674.4;-422.2;42645;Food & Drug Stores;Camp Hill;PA;yes;107;Heyward Donigan;
PNC Financial Services Group;151;21624;5369;50968;Financials;Pittsburgh;PA;no;159;William S. Demchak;
DuPont;152;21512;498;35000;Chemicals;Wilmington;DE;no;35;Edward D. Breen;
Southern Company;153;21419;4739;27943;Energy;Atlanta;GA;no;131;Thomas A. Fanning;
AutoNation;154;21335.7;450;25000;Retailing;Fort Lauderdale;FL;no;145;Michael J. Jackson;
DXC Technology;155;21184;1257;130000;Technology;Tysons;VA;no;122;Michael J. Salvino;
;;;;;;;;;;;
Marriott International;157;20972;1273;174000;Hotels, Restaurants & Leisure;Bethesda;MD;no;151;Anthony Capuano;
ManpowerGroup;158;20863.5;465.7;28000;Business Services;Milwaukee;WI;no;141;Jonas Prising;
Bank of New York Mellon;159;20822;4441;48400;Financials;New York;NY;no;163;Thomas P. Gibbons;
Hartford Financial Services Group;160;20740;2085;19500;Financials;Hartford;CT;no;161;Christopher J. Swift;
Danaher;161;20521.2;3008.2;60000;Health Care;Washington;DC;no;160;Rainer M. Blair;
Whirlpool;162;20419;1184;77000;Industrials;Benton Harbor;MI;no;148;Marc R. Bitzer;
AECOM;163;20173.3;-261.1;86000;Engineering & Construction;Los Angeles;CA;no;157;W. Troy Rudd;
Netflix;164;20156.4;1866.9;8600;Media;Los Gatos;CA;no;197;Reed Hastings/Ted Sarandos;
;;;;;;;;;;;
Lear;166;19810.3;753.6;164100;Motor Vehicles & Parts;Southfield;MI;no;147;Raymond E. Scott;
Altria Group;167;19796;-1293;7300;Food, Beverages & Tobacco;Richmond;VA;no;162;William F. Gifford Jr.;
Performance Food Group;168;19743.5;166.8;18000;Wholesalers;Richmond;VA;no;176;George L. Holm;
Avnet;169;19518.6;176.3;15500;Wholesalers;Phoenix;AZ;no;165;Philip R. Gallagher;
Synchrony Financial;170;19461;3747;16500;Financials;Stamford;CT;yes;173;Margaret M. Keane;
Genuine Parts;171;19392.3;621.1;55000;Wholesalers;Atlanta;GA;no;169;Paul D. Donahue;
NextEra Energy;172;19204;3769;14800;Energy;Juno Beach;FL;no;184;James L. Robo;
CarMax;173;19146;842.4;25946;Retailing;Richmond;VA;no;174;William D. Nash;
Tenet Healthcare;174;18479;-232;101104;Health Care;Dallas;TX;no;172;Ronald A. Rittenmeyer;
Kimberly-Clark;175;18450;2157;40000;Household Products;Irving;TX;no;171;Michael D. Hsu;
Emerson Electric;176;18372;2306;88000;Industrials;St. Louis;MO;no;178;Lal L. Karsanbhai;
WestRock;177;18289;862.9;51100;Materials;Atlanta;GA;no;190;David B. Sewell;
CDW;178;18032.4;736.8;9900;Technology;Lincolnshire;IL;yes;191;Christine A. Leahy;
Jones Lang LaSalle (JLL);179;17983.2;535.3;93400;Financials;Chicago;IL;no;189;Christian Ulbrich;
Sherwin-Williams;180;17900.8;1541.3;61111;Chemicals;Cleveland;OH;no;177;John G. Morikis;
Fluor;181;17817.2;-1305;53349;Engineering & Construction;Irving;TX;no;164;David E. Constable;
PayPal Holdings;182;17772;2459;23200;Business Services;San Jose;CA;no;204;Daniel H. Schulman;
D.R. Horton;183;17592.9;1618.5;8916;Engineering & Construction;Arlington;TX;no;194;David V. Auld;
HollyFrontier;184;17486.6;772.4;4074;Energy;Dallas;TX;no;175;Michael C. Jennings;
Tenneco;185;17450;-334;78000;Motor Vehicles & Parts;Lake Forest;IL;no;267;Brian J. Kesseler;
EOG Resources;186;17380;2734.9;2900;Energy;Houston;TX;no;181;William R. Thomas;
BD;187;17290;1233;70093;Health Care;Franklin Lakes;NJ;no;195;Thomas E. Polen;
Lincoln National;188;17258;886;11357;Financials;Radnor;PA;no;187;Dennis R. Glass;
PG&E;189;17129;-7656;23000;Energy;San Francisco;CA;yes;183;Patricia K. Poppe;
Salesforce;190;17098;126;49000;Technology;San Francisco;CA;no;240;Marc R. Benioff;
Mastercard;191;16883;8118;18600;Business Services;Purchase;NY;no;210;Michael Miebach;
General Mills;192;16865.2;1752.7;40000;Food, Beverages & Tobacco;Minneapolis;MN;no;200;Jeffrey L. Harmening;
Molina Healthcare;193;16829;737;10000;Health Care;Long Beach;CA;no;168;Joseph M. Zubretsky;
Cognizant Technology Solutions;194;16783;1842;292500;Technology;Teaneck;NJ;no;193;Brian Humphries;
Marsh & McLennan;195;16652;1742;76000;Financials;New York;NY;no;210;Daniel S. Glaser;
XPO Logistics;196;16648;419;100000;Transportation;Greenwich;CT;no;180;Bradley S. Jacobs;
Dominion Energy;197;16572;1358;19100;Energy;Richmond;VA;no;238;Robert M. Blue;
Western Digital;198;16569;-754;61800;Technology;San Jose;CA;no;152;David V. Goeckeler;
Gap;199;16383;351;129000;Retailing;San Francisco;CA;yes;186;Sonia Syngal;
Aramark;200;16227.3;448.5;233400;Business Services;Philadelphia;PA;no;198;John J. Zillmer;
Principal Financial;201;16222.1;1394.2;17601;Financials;Des Moines;IA;no;219;Daniel J. Houston;
Ross Stores;202;16039.1;1660.9;92500;Retailing;Dublin;CA;yes;209;Barbara Rentler;
Colgate-Palmolive;203;15693;2367;34300;Household Products;New York;NY;no;202;Noel R. Wallace;
American Electric Power;204;15561.4;1921.1;17408;Energy;Columbus;OH;no;192;Nicholas K. Akins;
Nordstrom;205;15524;496;75000;Retailing;Seattle;WA;no;196;Erik B. Nordstrom;
Jacobs Engineering Group;206;15463.6;848;50000;Engineering & Construction;Dallas;TX;no;208;Steven J. Demetriou;
Waste Management;207;15455;1670;44900;Business Services;Houston;TX;no;213;James C. Fish Jr.;
C.H. Robinson Worldwide;208;15309.5;577;15427;Transportation;Eden Prairie;MN;no;185;Robert C. Biesterfeld Jr.;
PPG Industries;209;15146;1243;47600;Chemicals;Pittsburgh;PA;no;205;Michael H. McGarry;
Booking Holdings;210;15066;4865;26400;Technology;Norwalk;CT;no;216;Glenn D. Fogel;
Omnicom Group;211;14953.7;1339.1;70000;Business Services;New York;NY;no;206;John D. Wren;
Loews;212;14931;932;18605;Financials;New York;NY;no;226;James S. Tisch;
Ecolab;213;14906.3;1558.9;50200;Chemicals;St. Paul;MN;no;215;Christophe Beck;
Stryker;214;14884;2083;40000;Health Care;Kalamazoo;MI;no;233;Kevin A. Lobo;
Estée Lauder;215;14863;1785;48000;Household Products;New York;NY;no;231;Fabrizio Freda;
Goodyear Tire & Rubber;216;14745;-311;63000;Motor Vehicles & Parts;Akron;OH;no;203;Richard J. Kramer;
Truist Financial;217;14664;3224;59000;Financials;Charlotte;NC;no;246;Kelly S. King;
Applied Materials;218;14608;2706;22000;Technology;Santa Clara;CA;no;182;Gary E. Dickerson;
BlackRock;219;14539;4476;16200;Financials;New York;NY;no;221;Laurence D. Fink;
Stanley Black & Decker;220;14442.2;955.8;59438;Household Products;New Britain;CT;no;228;James M. Loree;
Freeport-McMoRan;221;14402;-239;27500;Energy;Phoenix;AZ;no;170;Richard C. Adkerson;
Texas Instruments;222;14383;5017;29768;Technology;Dallas;TX;no;199;Richard K. Templeton;
Biogen;223;14377.9;5888.5;7400;Health Care;Cambridge;MA;no;235;Michel Vounatsos;
Parker-Hannifin;224;14320.3;1512.4;55610;Industrials;Cleveland;OH;no;218;Thomas L. Williams;
Reinsurance Group of America;225;14300;870;3188;Financials;Chesterfield;MO;yes;251;Anna Manning;
Howmet Aerospace;226;14192;470;41700;Aerospace & Defense;Pittsburgh;PA;no;227;John C. Plant/Tolga Oal;
Automatic Data Processing;227;14175.2;2292.8;58000;Business Services;Roseland;NJ;no;239;Carlos A. Rodriguez;
Uber Technologies;228;14147;-8506;26900;Technology;San Francisco;CA;no; ;Dara Khosrowshahi;
Illinois Tool Works;229;14109;2521;45000;Industrials;Glenview;IL;no;214;E. Scott Santi;
DaVita;230;14101.5;811;65000;Health Care;Denver;CO;no;188;Javier J. Rodriguez;
Discover Financial Services;231;13989;2957;17200;Financials;Riverwoods;IL;no;253;Roger C. Hochschild;
;;;;;;;;;;;
VF;233;13870.6;1259.8;75000;Apparel;Greenwood Village;CO;no;252;Steven E. Rendle;
Corteva;234;13846;-959;21000;Food, Beverages & Tobacco;Wilmington;DE;no; ;James C. Collins Jr.;
Las Vegas Sands;235;13739;2698;50000;Hotels, Restaurants & Leisure;Las Vegas;NV;no;230;Sheldon G. Adelson;
Textron;236;13630;815;35000;Aerospace & Defense;Providence;RI;no;229;Scott C. Donnelly;
Kellogg;237;13578;960;31000;Food, Beverages & Tobacco;Battle Creek;MI;no;234;Steven A. Cahillane;
Guardian Life Ins. Co. of America;238;13476.7;679.8;9032;Financials;New York;NY;no;244;Andrew J. McMahon;
Qurate Retail;239;13458;-456;25314;Retailing;Englewood;CO;no;225;Michael A. George;
Core-Mark Holding;240;13329.2;57.7;8555;Wholesalers;Westlake;TX;no;250;Scott E. McPherson;
Community Health Systems;241;13210;-675;71500;Health Care;Franklin;TN;no;223;Tim L. Hingtgen;
Kinder Morgan;242;13209;2190;11086;Energy;Houston;TX;no;224;Steven J. Kean;
BJ's Wholesale Club;243;13190.7;187.2;27231;Retailing;Westborough;MA;no;245;Lee Delaney;
State Street;244;13131;2242;39103;Financials;Boston;MA;no;247;Ronald P. O&#039;
Ameriprise Financial;245;13103;1893;12500;Financials;Minneapolis;MN;no;249;James M. Cracchiolo;
Global Partners;246;13081.7;35.9;3860;Wholesalers;Waltham;MA;no;254;Eric Slifka;
United States Steel;247;12937;-630;27500;Materials;Pittsburgh;PA;no;222;David B. Burritt;
L Brands;248;12914.2;-366.4;59950;Retailing;Columbus;OH;no;241;Andrew Menslow;
MGM Resorts International;249;12899.7;2049.1;72000;Hotels, Restaurants & Leisure;Las Vegas;NV;no;266;William J. Hornbuckle IV;
L3Harris Technologies;250;12856;1333;50000;Aerospace & Defense;Melbourne;FL;no;474;William M. Brown;
DISH Network;251;12807.7;1399.5;16000;Telecommunications;Englewood;CO;no;232;W. Erik Carlson;
Lithia Motors;252;12672.7;271.5;14320;Retailing;Medford;OR;no;265;Bryan B. DeBoer;
DTE Energy;253;12669;1169;10700;Energy;Detroit;MI;no;220;Gerardo Norcia;
American Family Insurance Group;254;12633.2;455.9;13531;Financials;Madison;WI;no;306;Jack C. Salzwedel;
Farmers Insurance Exchange;255;12592.5;55.3;10980;Financials;Woodland Hills;CA;no;270;Jeffrey J. Dailey;
Consolidated Edison;256;12574;1343;14890;Energy;New York;NY;no;259;Timothy Cawley;
LKQ;257;12506.1;541.3;51000;Wholesalers;Chicago;IL;no;262;Dominick P. Zarcone;
Sempra Energy;258;12443;2197;13969;Energy;San Diego;CA;no;269;Jeffrey W. Martin;
Edison International;259;12347;1284;12937;Energy;Rosemead;CA;no;255;Pedro J. Pizarro;
CenterPoint Energy;260;12301;791;14262;Energy;Houston;TX;no;299;David J. Lesar;
Quanta Services;261;12112.2;402;40300;Engineering & Construction;Houston;TX;no;283;Earl C. Austin Jr.;
Murphy USA;262;12101.3;154.8;7250;Retailing;El Dorado;AR;no;257;R. Andrew Clyde;
Expedia Group;263;12067;565;25400;Retailing;Seattle;WA;no;280;Peter M. Kern;
Group 1 Automotive;264;12043.8;174;15296;Retailing;Houston;TX;no;272;Earl J. Hesterberg;
Bed Bath & Beyond;265;12028.8;-137.2;62000;Retailing;Union;NJ;no;258;Mark J. Tritton;
Unum Group;266;11998.9;1100.3;10300;Financials;Chattanooga;TN;no;273;Richard P. McKenney;
CSX;267;11937;3331;20908;Transportation;Jacksonville;FL;no;260;James M. Foote;
AutoZone;268;11863.7;1617.2;75840;Retailing;Memphis;TN;no;281;William C. Rhodes III;
Pacific Life;269;11847;725;3815;Financials;Newport Beach;CA;no;298;James T. Morris;
Vistra Energy;270;11809;928;5475;Energy;Irving;TX;no;337;Curtis A. Morgan;
Charles Schwab;271;11785;3704;19700;Financials;San Francisco;CA;no;289;Walter W. Bettinger II;
Crown Holdings;272;11665;510;33043;Materials;Yardley;PA;no;284;Timothy J. Donahue;
Ally Financial;273;11618;1715;8700;Financials;Detroit;MI;no;303;Jeffrey J. Brown;
Laboratory Corp. of America (Labcorp);274;11554.8;823.8;65000;Health Care;Burlington;NC;no;278;Adam H. Schechter;
Live Nation Entertainment;275;11548;69.9;18200;Media;Beverly Hills;CA;no;292;Michael Rapino;
Xcel Energy;276;11529;1372;11295;Energy;Minneapolis;MN;no;274;Benjamin G.S. Fowke III;
Corning;277;11503;960;49500;Industrials;Corning;NY;no;279;Wendell P. Weeks;
W.W. Grainger;278;11486;849;24550;Wholesalers;Lake Forest;IL;no;282;D.G. Macpherson;
Ball;279;11474;566;18300;Materials;Broomfield;CO;no;271;John A. Hayes;
Fox;280;11389;1595;7700;Media;New York;NY;no; ;Lachlan K. Murdoch;
Universal Health Services;281;11378.3;814.9;79050;Health Care;King of Prussia;PA;no;293;Marc. D Miller;
Baxter International;282;11362;1001;50000;Health Care;Deerfield;IL;no;286;;
Norfolk Southern;283;11296;2722;24587;Transportation;Norfolk;VA;no;277;James A. Squires;
Navistar International;284;11251;221;12300;Industrials;Lisle;IL;no;308;Persio V. Lisboa;
Adobe;285;11171.3;2951.5;22634;Technology;San Jose;CA;no;339;Shantanu Narayen;
J.C. Penney;286;11167;-268;90000;Retailing;Plano;TX;no;261;Stanley Shashoua;
Discovery;287;11144;2069;9200;Media;Silver Spring;MD;no;300;David M. Zaslav;
Keurig Dr Pepper;288;11120;1254;25500;Food, Beverages & Tobacco;Burlington;MA;no;409;Robert J. Gamgort;
Leidos Holdings;289;11094;667;34000;Technology;Reston;VA;no;311;Roger A. Krone;
IQVIA Holdings;290;11088;191;67000;Health Care;Durham;NC;no;305;Ari Bousbib;
Reliance Steel & Aluminum;291;10973.8;701.5;15300;Materials;Los Angeles;CA;no;275;James D. Hoffman;
Nvidia;292;10918;2796;13775;Technology;Santa Clara;CA;no;268;Jensen Huang;
Entergy;293;10878.7;1241.2;13635;Energy;New Orleans;LA;no;288;Leo P. Denault;
FirstEnergy;294;10850;912;12316;Energy;Akron;OH;no;263;Steven E. Strah;
eBay;295;10800;1786;13300;Technology;San Jose;CA;no;295;Jamie Iannone;
Boston Scientific;296;10735;4700;36000;Health Care;Marlborough;MA;no;319;Michael F. Mahoney;
ODP;297;10647;99;40000;Retailing;Boca Raton;FL;no;285;Gerry P. Smith;
Molson Coors Beverage;298;10579.4;241.7;17700;Food, Beverages & Tobacco;Denver;CO;no;294;Gavin D.K. Hattersley;
Steel Dynamics;299;10465;671.1;8385;Materials;Fort Wayne;IN;no;264;Mark D. Millett;
Mutual of Omaha Insurance;300;10455.7;271.5;6072;Financials;Omaha;NE;no;336;James T. Blackledge;
Sonic Automotive;301;10454.3;144.1;9300;Retailing;Charlotte;NC;no;316;David Bruton Smith;
Alcoa;302;10433;-1125;13800;Materials;Pittsburgh;PA;no;236;Roy C. Harvey;
Fidelity National Information Services;303;10333;298;55000;Business Services;Jacksonville;FL;no;361;Gary A. Norcross;
Henry Schein;304;10305.3;694.7;19000;Health Care;Melville;NY;no;242;Stanley M. Bergman;
Republic Services;305;10299.4;1073.3;36000;Business Services;Phoenix;AZ;no;314;Donald W. Slager;
Liberty Media;306;10292;106;6753;Media;Englewood;CO;no;380;Gregory B. Maffei;
;;;;;;;;;;;
Interpublic Group;308;10221.3;656;54300;Business Services;New York;NY;no;322;Philippe Krakowsky;
PulteGroup;309;10213;1016.7;5245;Engineering & Construction;Atlanta;GA;no;312;Ryan R. Marshall;
AES;310;10189;303;8000;Energy;Arlington;VA;no;296;;
Fiserv;311;10187;893;44000;Business Services;Brookfield;WI;no;488;Frank J. Bisignano;
BorgWarner;312;10168;746;29000;Motor Vehicles & Parts;Auburn Hills;MI;no;301;Frederic B. Lissalde;
Oneok;313;10164.4;1278.6;2882;Energy;Tulsa;OK;no;256;Terry K. Spencer;
;;;;;;;;;;;
Assurant;315;10086.8;382.6;13900;Financials;New York;NY;no;378;Alan B. Colberg;
Newell Brands;316;10083.1;106.6;30000;Household Products;Atlanta;GA;no;243;Ravichandra K. Saligram;
Public Service Enterprise Group;317;10076;1693;12992;Energy;Newark;NJ;no;323;Ralph Izzo;
News Corp.;318;10074;155;28000;Media;New York;NY;no;341;Robert J. Thomson;
Calpine;319;10072;770;2256;Energy;Houston;TX;no;330;John B. Hill III;
Auto-Owners Insurance;320;10007.4;1352.4;6141;Financials;Lansing;MI;no;382;Jeffrey S. Tagsold;
Mohawk Industries;321;9970.7;744.2;41800;Household Products;Calhoun;GA;no;315;Jeffrey S. Lorberbaum;
PVH;322;9909;417.3;30750;Apparel;New York;NY;no;324;Stefan Larsson;
Campbell Soup;322;9909;211;19000;Food, Beverages & Tobacco;Camden;NJ;no;349;Mark A. Clouse;
NRG Energy;324;9871;4438;4577;Energy;Princeton;NJ;no;291;Mauricio Gutierrez;
Fifth Third Bancorp;325;9790;2512;19869;Financials;Cincinnati;OH;no;384;Greg D. Carmichael;
Hertz Global Holdings;326;9779;-58;38000;Retailing;Estero;FL;no;331;Paul E. Stone;
Altice USA;327;9760.9;138.9;10700;Telecommunications;Long Island City;NY;no;327;Dexter G. Goei;
Newmont;328;9740;2805;16600;Energy;Greenwood Village;CO;no;419;Thomas R. Palmer;
Cheniere Energy;329;9730;648;1530;Energy;Houston;TX;no;383;Jack A. Fusco;
Advance Auto Parts;330;9709;486.9;53000;Retailing;Raleigh;NC;no;326;Thomas R. Greco;
Lam Research;331;9653.6;2191.4;10700;Technology;Fremont;CA;no;287;Timothy M. Archer;
Owens & Minor;332;9650;-62.4;15400;Health Care;Mechanicsville;VA;no;317;Edward A. Pesicka;
Equitable Holdings;333;9591;-1733;10100;Financials;New York;NY;no; ;Mark Pearson;
Conagra Brands;334;9538.4;678.3;18000;Food, Beverages & Tobacco;Chicago;IL;no;386;Sean M. Connolly;
Markel;335;9526.2;1790.5;18600;Financials;Glen Allen;VA;no;441;Thomas S. Gayner/Richard R. Whitt III;
Jones Financial (Edward Jones);336;9526;1092;49000;Financials;Des Peres;MO;yes;356;Penny Pennington;
Hormel Foods;337;9497.3;978.8;18800;Food, Beverages & Tobacco;Austin;MN;no;328;James P. Snee;
Hilton Worldwide Holdings;338;9452;881;173000;Hotels, Restaurants & Leisure;McLean;VA;no;345;Christopher J. Nassetta;
Univar Solutions;339;9443.8;-100.2;10300;Wholesalers;Downers Grove;IL;no;353;David C. Jukes;
United Rentals;340;9351;1174;19100;Business Services;Stamford;CT;no;379;Matthew Flannery;
Pioneer Natural Resources;341;9304;756;2323;Energy;Irving;TX;no;333;Scott D. Sheffield;
Delek US Holdings;342;9298.2;310.6;3707;Energy;Brentwood;TN;no;307;Ezra Uzi Yemin;
Eastman Chemical;343;9273;759;14500;Chemicals;Kingsport;TN;no;313;Mark J. Costa;
EMCOR Group;344;9174.6;325.1;36000;Engineering & Construction;Norwalk;CT;no;375;Anthony J. Guzzi;
Avis Budget Group;345;9172;302;25600;Retailing;Parsippany;NJ;no;338;Joseph A. Ferraro;
J.B. Hunt Transport Services;346;9165.3;516.3;29056;Transportation;Lowell;AR;no;354;John N. Roberts III;
Xerox Holdings;347;9145;1353;27000;Technology;Norwalk;CT;no;318;John G. Visentin;
Wayfair;348;9127.1;-984.6;16985;Retailing;Boston;MA;no;446;Niraj S. Shah;
KKR;349;9120.3;2005;1384;Financials;New York;NY;no; ;Henry R. Kravis/George R. Roberts;
AGCO;350;9041.4;125.2;20961;Industrials;Duluth;GA;no;335;Eric P. Hansotia;
Alleghany;351;9040.7;857.8;10786;Financials;New York;NY;no;437;Weston M. Hicks;
Icahn Enterprises;352;8992;-1098;28033;Financials;New York;NY;no;166;Keith Cozza;
Voya Financial;353;8942;-351;6000;Financials;New York;NY;no;343;Rodney O. Martin Jr.;
Ryder System;354;8925.8;-24.4;39900;Transportation;Miami;FL;no;363;Robert E. Sanchez;
Air Products & Chemicals;355;8918.9;1760;17570;Chemicals;Allentown;PA;no;344;Seifi Ghasemi;
Mosaic;356;8906.3;-1067.4;12600;Chemicals;Tampa;FL;no;325;James C. O'Rourke;
Huntington Ingalls Industries;357;8899;549;42000;Aerospace & Defense;Newport News;VA;no;371;C. Michael Petters;
Berry Global Group;358;8878;404;48000;Materials;Evansville;IN;no;389;Thomas E. Salmon;
Anixter International;359;8845.6;262.9;9400;Wholesalers;Glenview;IL;no;364;William A. Galvin;
Alaska Air Group;360;8781;769;24134;Transportation;Seattle;WA;no;368;Bradley D. Tilden;
Yum China Holdings;361;8776;713;450000;Hotels, Restaurants & Leisure;Plano;TX;yes;362;Joey Wat;
;;;;;;;;;;;
Caesars Holdings;363;8742;-1195;64000;Hotels, Restaurants & Leisure;Las Vegas;NV;no;365;Thomas R. Reeg;
Genworth Financial;364;8681;343;3100;Financials;Richmond;VA;no;360;Thomas J. McInerney;
Targa Resources;365;8671.1;-209.2;2680;Energy;Houston;TX;no;302;Matthew Meloy;
Coty;366;8648.5;-3784.2;19000;Household Products;New York;NY;yes;334;Sue Y. Nabi;
Dana;367;8620;226;36300;Motor Vehicles & Parts;Maumee;OH;no;373;James K. Kamsickas;
Thrivent Financial for Lutherans;368;8611.7;968.1;3235;Financials;Minneapolis;MN;yes;351;Teresa J. Rasmussen;
Autoliv;369;8547.6;461.5;61957;Motor Vehicles & Parts;Auburn Hills;MI;no;321;Mikael Bratt;
SpartanNash;370;8536.1;5.7;13800;Wholesalers;Byron Center;MI;no;377;Tony B. Sarsam;
Eversource Energy;371;8526.5;909.1;8234;Energy;Springfield;MA;no;358;James J. Judge;
Darden Restaurants;372;8510.4;713.4;184514;Hotels, Restaurants & Leisure;Orlando;FL;no;376;Eugene I. Lee Jr.;
Chesapeake Energy;373;8489;-308;2300;Energy;Oklahoma City;OK;no;309;Robert D. Lawler;
NOV;374;8479;-6095;34645;Energy;Houston;TX;no;357;Clay C. Williams;
Fidelity National Financial;375;8469;1062;23484;Financials;Jacksonville;FL;no;402;Raymond R. Quirk;
Erie Insurance Group;376;8443.3;551;5778;Financials;Erie;PA;no;381;Timothy G. NeCastro;
Oshkosh;377;8382;579.4;15400;Industrials;Oshkosh;WI;no;395;Wilson R. Jones;
;;;;;;;;;;;
WESCO International;379;8358.9;223.4;9500;Wholesalers;Pittsburgh;PA;no;370;John J. Engel;
Tractor Supply;380;8351.9;562.4;24000;Retailing;Brentwood;TN;no;388;Harry A. Lawton III;
CommScope Holding;381;8345.1;-929.5;30000;Technology;Hickory;NC;no; ;Charles L. Treadway;
Huntsman;382;8342;562;10000;Chemicals;The Woodlands;TX;no;276;Peter R. Huntsman;
American Financial Group;383;8237;897;7700;Financials;Cincinnati;OH;no;427;Carl H. Lindner lll/S. Craig Lindner;
Masco;384;8235;935;22000;Household Products;Livonia;MI;no;366;Keith J. Allman;
Sanmina;385;8233.9;141.5;38500;Technology;San Jose;CA;no;429;Jure Sola;
Amphenol;386;8225.4;1155;74000;Technology;Wallingford;CT;no;369;R. Adam Norwitt;
Williams;387;8201;850;4812;Energy;Tulsa;OK;no;348;Alan S. Armstrong;
Westinghouse Air Brake;388;8200;326.7;27500;Industrials;Pittsburgh;PA;no; ;Rafael O. Santana;
Expeditors Intl. of Washington;389;8175.4;590.4;18000;Transportation;Seattle;WA;no;374;Jeffrey S. Musser;
Andersons;390;8170.2;18.3;2284;Food, Beverages & Tobacco;Maumee;OH;no; ;Patrick E. Bowe;
Westlake Chemical;391;8118;421;9430;Chemicals;Houston;TX;no;352;Albert Yuan Chao;
Constellation Brands;392;8116;3435.9;9800;Food, Beverages & Tobacco;Victor;NY;no;403;William A. Newlands;
Frontier Communications;393;8107;-5911;18317;Telecommunications;Norwalk;CT;no;355;Nicholas Jeffery;
JetBlue Airways;394;8094;569;19032;Transportation;Long Island City;NY;no;399;Robin Hayes;
Citizens Financial Group;395;8066;1791;17997;Financials;Providence;RI;no;415;Bruce W. Van Saun;
Raymond James Financial;396;8023;1034;14200;Financials;St. Petersburg;FL;no;407;Paul C. Reilly;
Foot Locker;397;8005;491;33294;Retailing;New York;NY;no;385;Richard A. Johnson;
Hershey;398;7986.3;1149.7;15330;Food, Beverages & Tobacco;Hershey;PA;yes;391;Michele G. Buck;
Zimmer Biomet Holdings;399;7982.2;1131.6;19900;Health Care;Warsaw;IN;no;387;Bryan C. Hanson;
Cincinnati Financial;400;7924.2;1997.4;5200;Financials;Fairfield;OH;no; ;Steven J. Johnston;
Western & Southern Financial Group;401;7920.5;244.9;2787;Financials;Cincinnati;OH;no;421;John F. Barrett;
W.R. Berkley;402;7902.2;681.9;7493;Financials;Greenwich;CT;no;397;W. Robert Berkley Jr.;
Motorola Solutions;403;7887;868;17000;Technology;Chicago;IL;no;416;Gregory Q. Brown;
Thor Industries;404;7864.8;133.3;21750;Motor Vehicles & Parts;Elkhart;IN;no;367;Robert W. Martin;
Regeneron Pharmaceuticals;405;7863.4;2115.8;8100;Health Care;Tarrytown;NY;no;450;Leonard Schleifer;
Spirit AeroSystems Holdings;406;7863.1;530.1;18200;Aerospace & Defense;Wichita;KS;no;420;Thomas C. Gentile III;
J.M. Smucker;407;7838;514.4;7400;Food, Beverages & Tobacco;Orrville;OH;no;414;Mark T. Smucker;
PPL;408;7769;1746;12280;Energy;Allentown;PA;no;392;Vincent Sorgi;
Insight Enterprises;409;7731.2;159.4;11261;Technology;Tempe;AZ;no;430;Kenneth T. Lamneck;
Quest Diagnostics;410;7726;858;47000;Health Care;Secaucus;NJ;no;404;Stephen H. Rusckowski;
KeyCorp;411;7694;1717;17045;Financials;Cleveland;OH;no;413;Christopher Gorman;
Veritiv;412;7659.4;-29.5;8000;Wholesalers;Atlanta;GA;no;347;Salvatore A. Abbate;
DCP Midstream;413;7625;17;2250;Energy;Denver;CO;no;320;Wouter T. van Kempen;
American Tower;414;7580.3;1887.8;5454;Financials;Boston;MA;no;410;Thomas A. Bartlett;
Graybar Electric;415;7523.9;144.5;9000;Wholesalers;St. Louis;MO;yes;423;Kathleen M. Mazzarella;
WEC Energy Group;416;7523.1;1134;7509;Energy;Milwaukee;WI;no;398;J. Kevin Fletcher;
NVR;417;7428.4;878.5;5700;Engineering & Construction;Reston;VA;no;424;Paul C. Saville;
Ulta Beauty;418;7398.1;705.9;31000;Retailing;Bolingbrook;IL;yes;449;Mary N. Dillon;
Devon Energy;419;7372;-355;1800;Energy;Oklahoma City;OK;no;297;David A. Hager;
Blackstone Group;420;7338.3;2049.7;2905;Financials;New York;NY;no;442;Stephen A. Schwarzman;
Dean Foods;421;7328.7;-499.9;14500;Food, Beverages & Tobacco;Dallas;TX;no;393;Gary W. Rahlfs;
Fortive;422;7326.1;738.9;25000;Industrials;Everett;WA;no;422;James A. Lico;
UGI;423;7320.4;256.2;12800;Energy;King of Prussia;PA;no;400;John L. Walsh;
Burlington Stores;424;7286.4;465.1;47000;Retailing;Burlington;NJ;no;451;;
Builders FirstSource;425;7280.4;221.8;15800;Materials;Dallas;TX;no;394;M. Chad Crow;
Toll Brothers;426;7224;590;5100;Engineering & Construction;Horsham;PA;no;428;Douglas C. Yearley Jr.;
Old Republic International;427;7213.7;1056.4;9000;Financials;Chicago;IL;no;481;Craig R. Smiddy;
Asbury Automotive Group;428;7210.3;184.4;8500;Retailing;Duluth;GA;no;439;David W. Hult;
Arthur J. Gallagher;429;7195;668.8;33247;Financials;Rolling Meadows;IL;no;435;J. Patrick Gallagher Jr.;
MasTec;430;7183.2;392.3;21000;Engineering & Construction;Coral Gables;FL;no;436;José R. Mas;
Owens Corning;431;7160;405;19000;Materials;Toledo;OH;no;431;Brian D. Chambers;
Magellan Health;432;7159.4;55.9;10100;Health Care;Phoenix;AZ;no;417;Kenneth J. Fasola;
Dover;433;7136.4;677.9;24000;Industrials;Downers Grove;IL;no;412;Richard J. Tobin;
Beacon Roofing Supply;434;7105.2;-10.6;8147;Wholesalers;Herndon;VA;no;464;Julian G. Francis;
Avery Dennison;435;7070.1;303.6;30000;Materials;Glendale;CA;no;425;Mitchell R. Butier;
Hanesbrands;436;6966.9;600.7;63000;Apparel;Winston-Salem;NC;no;444;Stephen B. Bratspies;
Packaging Corp. of America;437;6964.3;696.4;15500;Materials;Lake Forest;IL;no;432;Mark W. Kowlzan;
M&T Bank;438;6941.3;1929.1;17386;Financials;Buffalo;NY;no;462;René F. Jones;
NCR;439;6915;564;36000;Technology;Atlanta;GA;no;465;Michael D. Hayford;
Northern Trust;440;6895.1;1492.2;19800;Financials;Chicago;IL;no;453;Michael G. O&#039;
Cintas;441;6892.3;885;45000;Business Services;Cincinnati;OH;no;459;Scott D. Farmer;
Polaris;442;6863.4;324;14000;Transportation;Medina;MN;no;476;Michael T. Speetzen;
CMS Energy;443;6845;680;8459;Energy;Jackson;MI;yes;440;Patricia K. Poppe;
Seaboard;444;6840;283;13100;Food, Beverages & Tobacco;Merriam;KS;no;455;Robert L. Steer;
Intuit;445;6784;1557;9400;Technology;Mountain View;CA;no;482;Sasan K. Goodarzi;
Regions Financial;446;6755;1582;19564;Financials;Birmingham;AL;no;447;John M. Turner Jr.;
FM Global;447;6743.1;2479.3;5591;Financials;Johnston;RI;no; ;Thomas A. Lawson;
Advanced Micro Devices (AMD);448;6731;341;11400;Technology;Santa Clara;CA;yes;460;Lisa T. Su;
Ovintiv;449;6726;234;2571;Energy;Denver;CO;no; ;Douglas J. Suttles;
Booz Allen Hamilton Holding;450;6704;418.5;26100;Technology;McLean;VA;no;475;Horacio D. Rozanski;
S&P Global;451;6699;2123;22500;Business Services;New York;NY;no;470;Douglas L. Peterson;
Rockwell Automation;452;6694.8;695.8;23000;Industrials;Milwaukee;WI;no;452;Blake D. Moret;
O-I Glass;453;6691;-400;27500;Materials;Perrysburg;OH;no;438;Andres A. Lopez;
Wynn Resorts;454;6611.1;123;30200;Hotels, Restaurants & Leisure;Las Vegas;NV;no;448;Matthew O. Maddox;
Securian Financial Group;455;6600.6;434.8;6400;Financials;St. Paul;MN;no; ;Christopher M. Hilger;
Alliance Data Systems;456;6580.9;278;8500;Business Services;Columbus;OH;no;390;Ralph J. Andretta;
Weyerhaeuser;457;6554;-76;9400;Materials;Seattle;WA;no;406;Devin W. Stockfish;
Brighthouse Financial;457;6554;-740;1330;Financials;Charlotte;NC;no;342;Eric T. Steigerwalt;
Intercontinental Exchange;459;6547;1933;5989;Financials;Atlanta;GA;no;469;Jeffrey Sprecher;
American Axle & Manufacturing;460;6530.9;-484.5;20000;Motor Vehicles & Parts;Detroit;MI;no;418;David C. Dauch;
Hess;461;6510;-408;1775;Energy;New York;NY;no;461;John B. Hess;
ABM Industries;462;6498.6;127.4;140000;Business Services;New York;NY;no;463;Scott B. Salmirs;
Activision Blizzard;463;6489;1503;9200;Media;Santa Monica;CA;no;405;Robert A. Kotick;
GameStop;464;6466;-470.9;30000;Retailing;Grapevine;TX;no;346;George E. Sherman;
APA;465;6411;-3553;3163;Energy;Houston;TX;no;411;John J. Christmann IV;
Science Applications International;466;6379;226;24311;Technology;Reston;VA;yes; ;Nazzic S. Keene;
AK Steel Holding;467;6359.4;11.2;9300;Materials;West Chester;OH;no;443;Lourenco C. Goncalves;
;;;;;;;;;;;
Ralph Lauren;469;6313;430.9;18650;Apparel;New York;NY;no;473;Patrice Louvet;
Celanese;470;6297;852;7714;Chemicals;Irving;TX;yes;426;Lori J. Ryerkerk;
R.R. Donnelley & Sons;471;6276.2;-93.2;36400;Media;Chicago;IL;no;445;Daniel L. Knotts;
Zoetis;472;6260;1500;10600;Health Care;Parsippany;NJ;yes;487;Kristin C. Peck;
Ascena Retail Group;473;6242.8;-661.4;33000;Retailing;Mahwah;NJ;yes;457;Carrie W. Teffner;
Clorox;474;6214;820;8800;Household Products;Oakland;CA;yes;477;Linda Rendle;
Ingredion;475;6209;413;11000;Food, Beverages & Tobacco;Westchester;IL;no;486;James P. Zallie;
First American Financial;476;6202.1;707.4;18412;Financials;Santa Ana;CA;no;491;Dennis J. Gilmore;
Graphic Packaging Holding;477;6160.1;206.8;18000;Materials;Atlanta;GA;no;480;Michael P. Doss;
NetApp;478;6146;1169;10500;Technology;Sunnyvale;CA;no;483;George Kurian;
HD Supply Holdings;478;6146;452;11500;Wholesalers;Atlanta;GA;no;479;Joseph J. DeAngelo;
TravelCenters of America;480;6117.4;33.3;18594;Retailing;Westlake;OH;no;433;Jonathan M. Pertchik;
Olin;481;6110;-11.3;6500;Chemicals;Clayton;MO;no;434;Scott M. Sutton;
Robert Half International;482;6074.4;454.4;16000;Business Services;Menlo Park;CA;no;490;M. Keith Waddell;
EnLink Midstream;483;6052.9;-1119.3;1355;Energy;Dallas;TX;no;396;Barry E. Davis;
Avantor;484;6040.3;37.8;12000;Technology;Radnor;PA;no; ;Michael Stubblefield;
Tapestry;485;6027.1;643.4;17400;Apparel;New York;NY;yes;484;Joanne Crevoiserat;
TD Ameritrade Holding;486;6016;2208;9226;Financials;Omaha;NE;no; ;Stephen J. Boyle;
Analog Devices;487;5991.1;1363;16400;Technology;Norwood;MA;no;472;Vincent T. Roche;
Ameren;488;5910;828;9323;Energy;St. Louis;MO;no;468;Warner L. Baxter;
Williams-Sonoma;489;5898;356.1;19300;Retailing;San Francisco;CA;yes;495;Laura J. Alber;
Realogy Holdings;490;5870;-188;10150;Financials;Madison;NJ;no;478;Ryan M. Schneider;
Commercial Metals;491;5829;198.1;11524;Materials;Irving;TX;yes; ;Barbara R. Smith;
Rush Enterprises;492;5809.8;141.6;7244;Retailing;New Braunfels;TX;no; ;W. M. Rush;
Franklin Resources;493;5774.5;1195.7;9597;Financials;San Mateo;CA;yes;467;Jennifer M. Johnson;
Fortune Brands Home & Security;494;5764.6;431.9;24700;Household Products;Deerfield;IL;no; ;Nicholas I. Fink;
Levi Strauss;495;5763.1;394.6;15800;Apparel;San Francisco;CA;no;500;Charles V. Bergh;
Crown Castle International;496;5763;860;5100;Financials;Houston;TX;no; ;Jay A. Brown;
Simon Property Group;497;5755.2;2101.6;3750;Financials;Indianapolis;IN;no;496;David E. Simon;
Cerner;498;5692.6;529.5;27400;Health Care;North Kansas City;MO;no; ;D. Brent Shafer;
Post Holdings;499;5681.1;124.7;10100;Food, Beverages & Tobacco;St. Louis;MO;no;471;Robert V. Vitale;
Huntington Bancshares;500;5655;1411;15664;Financials;Columbus;OH;no; ;Stephen D. Steinour;
KBR;501;5639;202;28000;Engineering & Construction;Houston;TX;no; ;Stuart Bradie;
Sprouts Farmers Market;502;5634.8;149.6;30000;Food & Drug Stores;Phoenix;AZ;no; ;Jack L. Sinclair;
LPL Financial Holdings;503;5624.9;559.9;4343;Financials;San Diego;CA;no; ;Dan H. Arnold;
T. Rowe Price;504;5617.9;2131.3;7365;Financials;Baltimore;MD;no; ;William J. Stromberg;
Yum Brands;505;5597;1294;34000;Hotels, Restaurants & Leisure;Louisville;KY;no; ;David W. Gibbs;
Chipotle Mexican Grill;506;5586.4;350.2;83000;Hotels, Restaurants & Leisure;Newport Beach;CA;no; ;Brian R. Niccol;
Patterson;507;5574.5;83.6;7800;Health Care;St. Paul;MN;no; ;Mark S. Walchirk;
RPM International;508;5564.6;266.6;14957;Chemicals;Medina;OH;no; ;Frank C. Sullivan;
Equinix;509;5562.1;507.5;8378;Financials;Redwood City;CA;no; ;Charles J. Meyers;
Navient;510;5529;597;5800;Financials;Wilmington;DE;no; ;John F. Remondi;
Chemours;511;5526;-52;7000;Chemicals;Wilmington;DE;no; ;Mark P. Vergnano;
ON Semiconductor;512;5517.9;211.7;34800;Technology;Phoenix;AZ;no; ;Hassane El-Khoury;
TransDigm Group;513;5517.2;889.8;18300;Aerospace & Defense;Cleveland;OH;no; ;Kevin M. Stein;
Host Hotels & Resorts;514;5469;920;175;Financials;Bethesda;MD;no; ;James F. Risoleo;
Select Medical Holdings;515;5453.9;148.4;42800;Health Care;Mechanicsburg;PA;no; ;David S. Chernow;
Par Pacific Holdings;516;5401.5;40.8;1408;Energy;Houston;TX;no; ;William C. Pate;
Sonoco Products;517;5374.2;291.8;23000;Materials;Hartsville;SC;no; ;R. Howard Coker;
Roper Technologies;518;5366.8;1767.9;16460;Technology;Sarasota;FL;no; ;L. Neil Hunn;
Harley-Davidson;519;5361.8;423.6;5600;Transportation;Milwaukee;WI;no; ;Jochen Zeitz;
Jefferies Financial Group;520;5358.7;964.7;4800;Financials;New York;NY;no; ;Richard B. Handler;
Kelly Services;521;5355.6;112.4;7700;Business Services;Troy;MI;no; ;Peter W. Quigley;
Microchip Technology;522;5349.5;355.9;18286;Technology;Chandler;AZ;no; ;Ganesh Moorthy;
McCormick;523;5347.4;702.7;12400;Food, Beverages & Tobacco;Hunt Valley;MD;no; ;Lawrence E. Kurzius;
MDU Resources Group;524;5336.9;335.5;13359;Energy;Bismarck;ND;no; ;David L. Goodin;
Fastenal;525;5333.7;790.9;21948;Wholesalers;Winona;MN;no; ;Daniel L. Florness;
Big Lots;526;5323.2;242.5;22250;Retailing;Columbus;OH;no; ;Bruce K. Thorn;
Penn National Gaming;527;5301.4;43.9;28300;Hotels, Restaurants & Leisure;Wyomissing;PA;no; ;Jay A. Snowden;
Western Union;528;5292.1;1058.3;11500;Business Services;Denver;CO;no; ;Hikmet Ersek;
Under Armour;529;5267.1;92.1;11700;Apparel;Baltimore;MD;no; ;Patrik Frisk;
Xylem;530;5249;401;16300;Industrials;Rye Brook;NY;no; ;Patrick K. Decker;
Skechers U.S.A.;531;5242.5;346.6;8550;Apparel;Manhattan Beach;CA;no; ;Robert Greenberg;
Domtar;532;5220;84;10000;Materials;Fort Mill;SC;no; ;John D. Williams;
NiSource;533;5208.9;383.1;8363;Energy;Merrillville;IN;no; ;Joseph J. Hamrock;
Marathon Oil;534;5190;480;2000;Energy;Houston;TX;no; ;Lee M. Tillman;
National General Holdings;535;5179.6;348.1;9200;Financials;New York;NY;no; ;Barry Karfunkel;
Telephone & Data Systems;536;5176;121;9400;Telecommunications;Chicago;IL;no; ;LeRoy T. Carlson Jr.;
Agilent Technologies;537;5163;1071;16300;Technology;Santa Clara;CA;no; ;Michael R. McMullen;
Ametek;538;5158.6;861.3;18100;Technology;Berwyn;PA;no; ;David A. Zapico;
Evergy;539;5147.8;669.9;4617;Energy;Kansas City;MO;no; ;David A. Campbell;
International Flavors & Fragrances;540;5140.1;455.9;13668;Chemicals;New York;NY;no; ;Andreas Fibig;
ADT;541;5125.7;-424.2;17500;Business Services;Boca Raton;FL;no; ;James D. DeVries;
Welltower;542;5121.3;1232.4;443;Financials;Toledo;OH;no; ;Shankh Mitra;
Windstream Holdings;543;5115.4;-3090;11945;Telecommunications;Little Rock;AR;no; ;Anthony W. Thomas;
Michaels;544;5072;272.6;28000;Retailing;Irving;TX;no; ;Ashley Buchanan;
Kemper;545;5039.2;531.1;8900;Financials;Chicago;IL;no; ;Joseph Lacher Jr.;
Hyatt Hotels;546;5020;766;55000;Hotels, Restaurants & Leisure;Chicago;IL;no; ;Mark S. Hoplamazian;
Alexion Pharmaceuticals;547;4991.1;2404.3;3082;Health Care;Boston;MA;no; ;Ludwig N. Hantson Ph.D.;
Resideo Technologies;548;4988;36;13000;Materials;Austin;TX;no; ;Jay Geldmacher;
CACI International;549;4986.3;265.6;22100;Technology;Arlington;VA;no; ;John S. Mengucci;
Electronic Arts;550;4950;1019;9700;Media;Redwood City;CA;no; ;Andrew Wilson;
Vulcan Materials;551;4929.1;617.7;9173;Materials;Birmingham;AL;no; ;J. Thomas Hill;
TreeHouse Foods;552;4926.9;-361;10800;Food, Beverages & Tobacco;Oak Brook;IL;no; ;Steven T. Oakland;
Global Payments;553;4911.9;430.6;24000;Business Services;Atlanta;GA;no; ;Jeffrey S. Sloan;
Hanover Insurance Group;554;4897.4;425.1;4300;Financials;Worcester;MA;no; ;John C. Roche;
Camping World Holdings;555;4892;-60.6;11508;Retailing;Lincolnshire;IL;no; ;Marcus A. Lemonis;
Cornerstone Building Brands;556;4889.7;-15.4;20100;Materials;Cary;NC;no; ;James S. Metcalf;
Yellow;557;4871.2;-104;29000;Transportation;Overland Park;KS;no; ;Darren D. Hawkins;
CME Group;558;4868;2116.5;4360;Financials;Chicago;IL;no; ;Terrence A. Duffy;
Chewy;559;4846.7;-252.4;12000;Retailing;Dania Beach;FL;no; ;Sumit Singh;
Knight-Swift Transportation Holdings;560;4844;309.2;23700;Transportation;Phoenix;AZ;no; ;David Jackson;
;;;;;;;;;;;
Coca-Cola Consolidated;562;4826.5;11.4;15850;Food, Beverages & Tobacco;Charlotte;NC;no; ;J. Frank Harrison III;
Carlisle;563;4811.6;472.8;14000;Materials;Scottsdale;AZ;no; ;D. Christian Koch;
Sealed Air;564;4791.1;263;16500;Materials;Charlotte;NC;no; ;Edward L. Doheny II;
A-Mark Precious Metals;565;4783.2;2.2;183;Materials;El Segundo;CA;no; ;Gregory N. Roberts;
Watsco;566;4770.4;246;5800;Wholesalers;Miami;FL;no; ;Albert H. Nahmad;
Taylor Morrison Home;567;4762.1;254.7;2300;Engineering & Construction;Scottsdale;AZ;yes; ;Sheryl D. Palmer;
IAC/InterActiveCorp;568;4757.1;431.1;8700;Technology;New York;NY;no; ;Joseph M. Levin;
Leggett & Platt;569;4752.5;333.8;22000;Household Products;Carthage;MO;no; ;Karl G. Glassman;
OneMain Holdings;570;4749;855;9700;Financials;Evansville;IN;no; ;Douglas H. Shulman;
Schneider National;571;4747;147;15650;Transportation;Green Bay;WI;no; ;Mark B. Rourke;
Martin Marietta Materials;572;4739.1;611.9;8846;Materials;Raleigh;NC;no; ;C. Howard Nye;
NortonLifeLock;573;4731;31;11900;Technology;Tempe;AZ;no; ;Vincent Pilette;
Hasbro;574;4720.2;520.5;5600;Household Products;Pawtucket;RI;no; ;Brian D. Goldner;
Square;575;4713.5;375.4;3835;Business Services;San Francisco;CA;no; ;Jack Dorsey;
Terex;576;4680.3;54.4;9500;Industrials;Westport;CT;no; ;John L. Garrison Jr.;
Syneos Health;577;4675.8;131.3;24000;Health Care;Morrisville;NC;no; ;Alistair Macdonald;
FMC;578;4661.9;477.4;6400;Chemicals;Philadelphia;PA;no; ;Mark Douglas;
Boise Cascade;579;4643.4;80.9;6010;Wholesalers;Boise;ID;no; ;Nathan R. Jorgensen;
SS&C Technologies Holdings;580;4632.9;438.5;22800;Technology;Windsor;CT;no; ;William C. Stone;
Continental Resources;581;4631.9;775.6;1260;Energy;Oklahoma City;OK;no; ;William B. Berry;
Peabody Energy;582;4623.4;-211.3;6600;Energy;St. Louis;MO;no; ;Glenn L. Kellow;
Encompass Health;583;4605;358.7;35690;Health Care;Birmingham;AL;no; ;Mark J. Tarr;
Greif;584;4595;171;17000;Materials;Delaware;OH;no; ;Peter G. Watson;
Concho Resources;585;4592;-705;1453;Energy;Midland;TX;no; ;Timothy A. Leach;
Hubbell;586;4591;400.9;18800;Industrials;Shelton;CT;no; ;Gerben W. Bakker;
CF Industries Holdings;587;4590;493.1;2987;Chemicals;Deerfield;IL;no; ;W. Anthony Will;
KLA;588;4568.9;1175.6;10020;Technology;Milpitas;CA;no; ;Richard P. Wallace;
Genesis Healthcare;589;4565.8;14.6;55000;Health Care;Kennett Square;PA;no; ;Robert H. Fish;
Brunswick;590;4556.7;-131;12828;Transportation;Mettawa;IL;no; ;David M. Foulkes;
KB Home;591;4552.7;268.8;2140;Engineering & Construction;Los Angeles;CA;no; ;Jeffrey T. Mezger;
Globe Life;592;4527.5;760.8;3196;Financials;McKinney;TX;no; ;Gary L. Coleman/Larry M. Hutchison;
Mattel;593;4504.6;-213.5;24000;Household Products;El Segundo;CA;no; ;Ynon Kreiz;
Ryerson Holding;594;4501.6;82.4;4500;Materials;Chicago;IL;no; ;Edward J. Lehner;
Silgan Holdings;595;4489.9;193.8;13220;Materials;Stamford;CT;no; ;Anthony J. Allott;
Zebra Technologies;596;4485;544;8200;Industrials;Lincolnshire;IL;no; ;Anders Gustafsson;
Intuitive Surgical;597;4478.5;1379.3;7326;Health Care;Sunnyvale;CA;no; ;Gary Guthart;
Warner Music Group;598;4475;256;5400;Media;New York;NY;no; ;Stephen F. Cooper;
Conduent;599;4467;-1934;67000;Business Services;Florham Park;NJ;no; ;Clifford A. Skelton;
Tutor Perini;600;4450.8;-387.7;9100;Engineering & Construction;Sylmar;CA;no; ;Ronald N. Tutor;
Juniper Networks;601;4445.4;345;9419;Technology;Sunnyvale;CA;no; ;Rami Rahim;
Noble Energy;602;4438;-1512;2282;Energy;Houston;TX;no; ;David L. Stover;
Vertiv Holdings;603;4431.2;-140.8;19800;Industrials;Columbus;OH;no; ;Robert J. Johnson;
Tiffany;604;4424;541.1;14100;Retailing;New York;NY;no; ;Anthony Ledru;
EQT;605;4416.5;-1221.7;647;Energy;Pittsburgh;PA;no; ;Toby Z. Rice;
UFP Industries;606;4416;179.7;12000;Materials;Grand Rapids;MI;no; ;Matthew J. Missad;
Diebold Nixdorf;607;4408.7;-341.3;22000;Technology;North Canton;OH;no; ;Gerrard B. Schmid;
Antero Resources;608;4408.7;-340.1;547;Energy;Denver;CO;no; ;Paul M. Rady;
Meritor;609;4388;291;9100;Motor Vehicles & Parts;Troy;MI;no; ;Chris Villavarayan;
Broadridge Financial Solutions;610;4362.2;482.1;11000;Business Services;Lake Success;NY;no; ;Timothy C. Gokey;
Church & Dwight;611;4357.7;615.9;4800;Household Products;Ewing;NJ;no; ;Matthew T. Farrell;
Marriott Vacations Worldwide;612;4355;138;22000;Hotels, Restaurants & Leisure;Orlando;FL;no; ;Stephen P. Weisz;
Edwards Lifesciences;613;4348;1046.9;13900;Health Care;Irvine;CA;no; ;Michael A. Mussallem;
Colfax;614;4326.3;-527.6;15000;Industrials;Annapolis Junction;MD;no; ;Matthew L. Trerotola;
Insperity;615;4314.8;151.1;3500;Business Services;Kingwood;TX;no; ;Paul J. Sarvadi;
American Eagle Outfitters;616;4308.2;191.3;27000;Retailing;Pittsburgh;PA;no; ;Jay L. Schottenstein;
Keysight Technologies;617;4303;621;13600;Technology;Santa Rosa;CA;no; ;Ronald S. Nersesian;
JELD-WEN Holding;618;4289.8;63;23300;Materials;Charlotte;NC;no; ;Gary S. Michel;
Iron Mountain;619;4262.6;267.4;25000;Business Services;Boston;MA;no; ;William L. Meaney;
Nasdaq;620;4262;774;4361;Financials;New York;NY;yes; ;Adena T. Friedman;
Gartner;621;4245.3;233.3;16724;Technology;Stamford;CT;no; ;Eugene A. Hall;
Sinclair Broadcast Group;622;4240;47;11800;Media;Hunt Valley;MD;no; ;Christopher S. Ripley;
Ingles Markets;623;4202;81.6;18630;Food & Drug Stores;Black Mountain;NC;no; ;James W. Lanning;
Monster Beverage;624;4200.8;1107.8;3092;Food, Beverages & Tobacco;Corona;CA;no; ;Rodney C. Sacks/Hilton H. Schlosberg;
Murphy Oil;625;4194;1149.7;822;Energy;El Dorado;AR;no; ;Roger W. Jenkins;
Vertex Pharmaceuticals;626;4162.8;1176.8;3000;Health Care;Boston;MA;no; ;Reshma Kewalramani;
First Republic Bank;627;4156.7;930.3;4812;Financials;San Francisco;CA;no; ;James H. Herbert II;
;;;;;;;;;;;
Spectrum Brands Holdings;629;4138.8;471.9;13000;Household Products;Middleton;WI;no; ;David M. Maura;
Quad/Graphics;630;4137.2;-156.3;19600;Media;Sussex;WI;no; ;J. Joel Quadracci;
Flowers Foods;631;4124;164.5;9700;Food, Beverages & Tobacco;Thomasville;GA;no; ;A. Ryals McMullian;
CUNA Mutual Group;632;4122.7;219.6;3600;Financials;Madison;WI;no; ;Robert N. Trunzo;
Allegheny Technologies;633;4122.5;257.6;8100;Materials;Pittsburgh;PA;no; ;Robert S. Wetherbee;
Old Dominion Freight Line;634;4109.1;615.5;20105;Transportation;Thomasville;NC;no; ;Greg C. Gantt;
Landstar System;635;4089.6;227.7;1333;Transportation;Jacksonville;FL;no; ;James B. Gattoni;
American National Group;636;4070.1;620.4;4640;Financials;Galveston;TX;no; ;James E. Pozzi;
Snap-on;637;4067.7;693.5;12800;Industrials;Kenosha;WI;no; ;Nicholas T. Pinchuk;
Brookdale Senior Living;638;4057.1;-267.9;48400;Health Care;Brentwood;TN;yes; ;Lucinda M. Baier;
Amkor Technology;639;4052.7;120.9;29650;Technology;Tempe;AZ;no; ;Geil Rutten;
Wyndham Destinations;640;4043;507;22500;Hotels, Restaurants & Leisure;Orlando;FL;no; ;Michael D. Brown;
PPD;641;4031;47.8;23000;Health Care;Wilmington;NC;no; ;David S. Simmons;
Dentsply Sirona;642;4029.2;262.9;15200;Health Care;Charlotte;NC;no; ;Donald M. Casey Jr.;
CNO Financial Group;643;4015.8;409.4;3300;Financials;Carmel;IN;no; ;Gary C. Bhojwani;
Urban Outfitters;644;3983.8;168.1;16800;Retailing;Philadelphia;PA;no; ;Richard A. Hayne;
Sabre;645;3975;158.6;9250;Technology;Southlake;TX;no; ;Sean E. Menke;
Mercury General;646;3972.5;320.1;4500;Financials;Los Angeles;CA;no; ;Gabriel Tirador;
Diamondback Energy;647;3964;240;712;Energy;Midland;TX;no; ;Travis D. Stice;
Parsons;648;3954.8;120.5;15879;Aerospace & Defense;Centreville;VA;no; ;Charles L. Harrington;
Aaron's;649;3947.7;31.5;12100;Retailing;Atlanta;GA;no; ;John W. Robinson III;
Flowserve;650;3944.9;253.7;17000;Industrials;Irving;TX;no; ;R. Scott Rowe;
Carvana;651;3939.9;-114.7;7324;Retailing;Tempe;AZ;no; ;Ernest C. Garcia;
ASGN;652;3923.9;174.7;4300;Business Services;Calabasas;CA;no; ;Theodore S. Hanson;
Sally Beauty Holdings;653;3876.4;271.6;30050;Retailing;Denton;TX;no; ;Christian A. Brickman;
ScanSource;654;3873.1;57.6;2700;Wholesalers;Greenville;SC;no; ;Michael L. Baur;
Ventas;655;3872.8;433;516;Financials;Chicago;IL;yes; ;Debra A. Cafaro;
Country Financial;656;3868.1;167.3;3839;Financials;Bloomington;IL;no; ;Jim Jacobs;
TriNet Group;657;3856;212;2900;Business Services;Dublin;CA;no; ;Burton M. Goldfield;
Spirit Airlines;658;3830.5;335.3;8938;Transportation;Miramar;FL;no; ;Edward M. Christie III;
Comerica;659;3817;1198;7708;Financials;Dallas;TX;no; ;Curtis C. Farmer;
Lennox International;660;3807.2;408.7;11200;Industrials;Richardson;TX;no; ;Todd M. Bluedorn;
Timken;661;3789.9;362.1;18829;Industrials;North Canton;OH;no; ;Richard G. Kyle;
Paychex;662;3772.5;1034.4;15450;Business Services;Rochester;NY;no; ;Martin Mucci;
Amerco;663;3768.7;370.9;21900;Transportation;Reno;NV;no; ;Edward J. Shoen;
Worthington Industries;664;3759.6;153.5;12000;Materials;Columbus;OH;no; ;B. Andrew Rose;
Lamb Weston Holdings;665;3756.5;478.6;7600;Food, Beverages & Tobacco;Eagle;ID;no; ;Thomas P. Werner;
Laureate Education;666;3752.1;938.5;41000;Business Services;Baltimore;MD;no; ;Eilif Serck-Hanssen;
Penn Mutual Life Insurance;667;3705.1;396;3318;Financials;Horsham;PA;yes; ;Eileen C. McDonnell;
iHeartMedia;668;3683.5;;11400;Media;San Antonio;TX;no; ;Robert W. Pittman;
Brink's;669;3683.2;29;64300;Business Services;Richmond;VA;no; ;Douglas A. Pertz;
Sentry Insurance Group;670;3680.8;324.3;4217;Financials;Stevens Point;WI;no; ;Peter G. McPartland;
Acuity Brands;671;3672.7;330.4;12000;Industrials;Atlanta;GA;no; ;Neil M. Ashe;
Hub Group;672;3668.1;107.2;5000;Transportation;Oak Brook;IL;no; ;David P. Yeager;
Meritage Homes;673;3666.9;249.7;1510;Engineering & Construction;Scottsdale;AZ;no; ;Phillipe Lord;
MRC Global;674;3662;39;3345;Energy;Houston;TX;no; ;Robert J. Saltiel Jr.;
Alliant Energy;675;3647.7;557.2;3597;Energy;Madison;WI;no; ;John O. Larsen;
Workday;676;3627.2;-480.7;12200;Technology;Pleasanton;CA;no; ;Aneel Bhusri;
BMC Stock Holdings;677;3626.6;109.8;10200;Wholesalers;Raleigh;NC;no; ;David E. Flitman;
Abercrombie & Fitch;678;3623.1;39.4;26000;Retailing;New Albany;OH;yes; ;Fran Horowitz;
Domino's Pizza;679;3618.8;400.7;13100;Hotels, Restaurants & Leisure;Ann Arbor;MI;no; ;Richard E. Allison;
Lyft;680;3616;-2602.2;5683;Technology;San Francisco;CA;no; ;Logan Green;
Meredith;681;3611.9;46.3;5615;Media;Des Moines;IA;no; ;Thomas H. Harty;
American Water Works;682;3610;621;6800;Energy;Camden;NJ;no; ;Walter J. Lynch;
Albemarle;683;3589.4;533.2;6000;Chemicals;Charlotte;NC;no; ;;
Ciena;684;3572.1;253.4;6383;Technology;Hanover;MD;no; ;Gary B. Smith;
Barnes & Noble;685;3552.7;3.8;15538;Retailing;New York;NY;no; ;James Daunt;
Weis Markets;686;3543.3;68;23000;Food & Drug Stores;Sunbury;PA;no; ;Jonathan H. Weis;
Illumina;687;3543;1002;7700;Technology;San Diego;CA;no; ;Francis deSouza;
SVB Financial Group;688;3530.9;1136.9;3564;Financials;Santa Clara;CA;no; ;Gregory Becker;
Carter's;689;3519.3;263.8;20300;Apparel;Atlanta;GA;no; ;Michael D. Casey;
Stifel Financial;690;3515;448.4;8205;Financials;St. Louis;MO;no; ;Ronald J. Kruszewski;
Mednax;691;3513.5;-1497.7;9480;Health Care;Sunrise;FL;no; ;Mark S. Ordan;
Equifax;692;3507.6;-398.8;11200;Business Services;Atlanta;GA;no; ;Mark W. Begor;
Kar Auction Services;693;3505.5;188.5;13311;Wholesalers;Carmel;IN;no; ;James P. Hallett;
Ashland Global Holdings;694;3505;505;4700;Chemicals;Covington;KY;no; ;Guillermo Novo;
Medical Mutual of Ohio;695;3502.7;83.7;2801;Financials;Cleveland;OH;no; ;Richard A. Chiricosta;
Sprague Resources;696;3502.4;31.3;770;Energy;Portsmouth;NH;no; ;David C. Glendon;
Super Micro Computer;697;3500.4;71.9;3670;Technology;San Jose;CA;no; ;Charles Liang;
Designer Brands;698;3492.7;94.5;16100;Retailing;Columbus;OH;no; ;Roger L. Rawlins;
Pitney Bowes;699;3477.7;194.6;11000;Technology;Stamford;CT;no; ;Marc B. Lautenbach;
Applied Industrial Technologies;700;3472.7;144;6650;Wholesalers;Cleveland;OH;no; ;Neil A. Schrimsher;
Pinnacle West Capital;701;3471.2;538.3;6210;Energy;Phoenix;AZ;no; ;Jeffrey B Guldner;
American Equity Investment Life Holding;702;3464.3;246.1;608;Financials;West Des Moines;IA;no; ;Anant Bhalla;
ServiceNow;703;3460.4;626.7;10371;Technology;Santa Clara;CA;no; ;William R. McDermott;
Twitter;704;3459.3;1465.7;4900;Technology;San Francisco;CA;no; ;Jack Dorsey;
Calumet Specialty Products Partners;705;3452.6;-43.6;1500;Energy;Indianapolis;IN;no; ;Stephen P. Mawer;
Steelcase;706;3443.2;126;12700;Household Products;Grand Rapids;MI;no; ;James P. Keane;
Sanderson Farms;707;3440.3;53.3;17055;Food, Beverages & Tobacco;Laurel;MS;no; ;Joe F. Sanderson Jr.;
WABCO Holdings;708;3421.4;245.8;13911;Motor Vehicles & Parts;Auburn Hills;MI;no; ;Jon Morrison;
Clean Harbors;709;3412.2;97.7;14400;Business Services;Norwell;MA;no; ;Alan S. McKim;
Puget Energy;710;3401.1;210.7;3130;Energy;Bellevue;WA;yes; ;Mary E. Kipp;
Scientific Games;711;3400;-130;9800;Hotels, Restaurants & Leisure;Las Vegas;NV;no; ;Barry L. Cottle;
Granite Construction;712;3389.8;-105.4;4200;Engineering & Construction;Watsonville;CA;no; ;Kyle T. Larkin;
Carlyle Group;713;3377;380.9;1775;Financials;Washington;DC;no; ;Kewsong Lee;
Skyworks Solutions;714;3376.8;853.6;9000;Technology;Irvine;CA;no; ;Liam K. Griffin;
Aleris;715;3375.9;-11.8;5600;Materials;Cleveland;OH;no; ;Sean M. Stack;
Triple-S Management;716;3375.6;92.9;3992;Health Care;San Juan;PR;no; ;Roberto Garcia-Rodriguez;
Hexion;717;3374;;4000;Chemicals;Columbus;OH;no; ;Craig Rogerson;
Hologic;718;3367.3;-203.6;6478;Health Care;Marlborough;MA;no; ;Stephen P. MacMillan;
Triumph Group;719;3364.9;-321.8;10776;Aerospace & Defense;Berwyn;PA;no; ;Daniel J. Crowley;
Darling Ingredients;720;3363.9;312.6;10100;Food, Beverages & Tobacco;Irving;TX;no; ;Randall C. Stuewe;
MSC Industrial Direct;721;3363.8;288.9;6700;Wholesalers;Melville;NY;no; ;Erik Gershwind;
Red Hat;722;3362.1;434;13360;Technology;Raleigh;NC;no; ;Paul J. Cormier;
Synopsys;723;3360.7;532.4;13896;Technology;Mountain View;CA;no; ;Aart J. de Geus/Chi-Foon Chan;
PolyOne;724;3351.6;588.6;5600;Chemicals;Avon Lake;OH;no; ;Robert M. Patterson;
Dycom Industries;725;3339.7;57.2;15230;Engineering & Construction;Palm Beach Gardens;FL;no; ;Steven E. Nielsen;
Cabot;726;3337;157;4500;Chemicals;Boston;MA;no; ;Sean D. Keohane;
Prologis;727;3330.6;1573;1712;Financials;San Francisco;CA;no; ;Hamid R. Moghadam;
Boyd Gaming;728;3326.1;157.6;24300;Hotels, Restaurants & Leisure;Las Vegas;NV;no; ;Keith E. Smith;
LSC Communications;729;3326;-295;20000;Media;Chicago;IL;no; ;Suzanne Bettman;
Brown-Forman;730;3324;835;4700;Food, Beverages & Tobacco;Louisville;KY;no; ;Lawson E. Whiting;
Stericycle;731;3308.9;-346.8;19500;Business Services;Bannockburn;IL;yes; ;Cindy J. Miller;
CIT Group;732;3296.1;529.9;3609;Financials;New York;NY;yes; ;Ellen R. Alemany;
MDC Holdings;733;3293.3;238.3;1656;Engineering & Construction;Denver;CO;no; ;David M. Mandarich;
Hyster-Yale Materials Handling;734;3291.8;35.8;7900;Industrials;Cleveland;OH;no; ;Alfred M. Rankin Jr.;
Crane;735;3283.1;133.3;13000;Industrials;Stamford;CT;no; ;Max H. Mitchell;
Cinemark Holdings;736;3283.1;191.4;22603;Media;Plano;TX;no; ;Mark Zoradi;
Autodesk;737;3274.3;214.5;10100;Technology;San Rafael;CA;no; ;Andrew Anagnost;
Trimble;738;3264.3;514.3;11484;Technology;Sunnyvale;CA;no; ;Robert G. Painter;
Garrett Motion;739;3248;313;7400;Motor Vehicles & Parts;Plymouth;MI;no; ;Olivier Rabiller;
Zions Bancorp.;740;3245;816;10188;Financials;Salt Lake City;UT;no; ;Harris H. Simmons;
Regal Beloit;741;3238;238.9;19560;Industrials;Beloit;WI;no; ;Louis V. Pinkham;
Service Corp. International;742;3230.8;369.6;20457;Business Services;Houston;TX;no; ;Thomas L. Ryan;
Varian Medical Systems;743;3225.1;291.9;10062;Health Care;Palo Alto;CA;no; ;Dow R. Wilson;
PriceSmart;744;3223.9;73.2;9000;Retailing;San Diego;CA;yes; ;Sherry S. Bahrambeygui;
Brinker International;745;3217.9;154.9;56147;Hotels, Restaurants & Leisure;Dallas;TX;no; ;Wyman T. Roberts;
Digital Realty Trust;746;3209.2;579.8;1550;Financials;San Francisco;CA;no; ;A. William Stein;
Pool;747;3199.5;261.6;4500;Wholesalers;Covington;LA;no; ;Peter D. Arvan;
Crestwood Equity Partners;748;3181.9;285.1;894;Energy;Houston;TX;no; ;Robert G Phillips;
Infor;749;3171.2;142;17380;Technology;New York;NY;no; ;Kevin Samuelson;
Plexus;750;3164.4;108.6;19000;Technology;Neenah;WI;no; ;Todd P. Kelsey;
Teledyne Technologies;751;3163.6;402.3;11790;Aerospace & Defense;Thousand Oaks;CA;no; ;Aldo Pichelli;
G-III Apparel Group;752;3160.5;143.8;6050;Apparel;New York;NY;no; ;Morris Goldfarb;
Scotts Miracle-Gro;753;3156;460.7;5850;Chemicals;Marysville;OH;no; ;James S. Hagedorn;
Apollo Global Management;754;3145.4;843.2;1421;Financials;New York;NY;no; ;Leon D. Black;
E*Trade Financial;755;3145;955;4122;Financials;Arlington;VA;no; ;Michael A. Pizzi;
Toro;756;3138.1;274;9329;Industrials;Bloomington;MN;no; ;Richard M. Olson;
Southwest Gas Holdings;757;3119.9;213.9;8944;Energy;Las Vegas;NV;no; ;John P. Hester;
GMS;758;3116;56;5858;Wholesalers;Tucker;GA;no; ;John C. Turner Jr.;
Cooper-Standard Holdings;759;3108.4;67.5;28000;Motor Vehicles & Parts;Novi;MI;no; ;Jeffrey S. Edwards;
Acadia Healthcare;760;3107.5;108.9;35600;Health Care;Franklin;TN;yes; ;Debra K. Osteen;
Tetra Tech;761;3107.3;158.7;20000;Engineering & Construction;Pasadena;CA;no; ;Dan L. Batrack;
Primoris Services;762;3106.3;82.3;9700;Engineering & Construction;Dallas;TX;no; ;Thomas E. McCormick;
Tempur Sealy International;763;3106;189.5;7400;Household Products;Lexington;KY;no; ;Scott L. Thompson;
H&R Block;764;3094.9;422.5;44600;Financials;Kansas City;MO;no; ;Jeffrey J. Jones II;
Qorvo;765;3090.3;133.1;8100;Technology;Greensboro;NC;no; ;Robert A. Bruggeworth;
TRI Pointe Group;766;3083;207.2;1386;Engineering & Construction;Irvine;CA;no; ;Douglas F. Bauer;
Cracker Barrel Old Country Store;767;3072;223.4;73000;Hotels, Restaurants & Leisure;Lebanon;TN;yes; ;Sandra B. Cochran;
Elanco Animal Health;768;3071;67.9;6080;Health Care;Greenfield;IN;no; ;Jeffrey N. Simmons;
PRA Health Sciences;769;3066.3;243;17500;Technology;Raleigh;NC;no; ;Colin Shannon;
First Solar;770;3063.1;-114.9;6600;Energy;Tempe;AZ;no; ;Mark R. Widmar;
AMC Networks;771;3060.3;380.5;2588;Media;New York;NY;no; ;Joshua W. Sapan;
Xilinx;772;3059;889.8;4433;Technology;San Jose;CA;no; ;Victor Peng;
Green Plains;773;3055.4;-166.9;820;Energy;Omaha;NE;no; ;Todd A. Becker;
Columbia Sportswear;774;3042.5;330.5;8900;Apparel;Portland;OR;no; ;Timothy P. Boyle;
Nexstar Media Group;775;3039.3;230.3;14891;Media;Irving;TX;no; ;Perry Sook;
Southwestern Energy;776;3038;891;923;Energy;Spring;TX;no; ;William J. Way;
Greenbrier;777;3033.6;71.1;17100;Transportation;Lake Oswego;OR;no; ;William A. Furman;
Presidio;778;3026.1;35.2;2900;Technology;New York;NY;no; ;Robert Cagnazzi;
Citrix Systems;779;3010.6;681.8;8400;Technology;Fort Lauderdale;FL;no; ;David J. Henshall;
Mettler-Toledo International;780;3008.7;561.1;15525;Technology;Columbus;OH;no; ;Olivier A. Filliol;
Trinity Industries;781;3005.1;137.6;11875;Transportation;Dallas;TX;yes; ;E. Jean Savage;
Mutual of America Life Insurance;782;3004.7;-21.2;1202;Financials;New York;NY;no; ;John R. Greed;
Lincoln Electric Holdings;783;3003.3;293.1;11000;Industrials;Cleveland;OH;no; ;Christopher L. Mapes;
Tailored Brands;784;2998.7;-82.3;16500;Retailing;Houston;TX;no; ;Dinesh S. Lathi;
A.O. Smith;785;2992.7;370;15100;Industrials;Milwaukee;WI;no; ;Kevin J. Wheeler;
ArcBest;786;2988.3;40;13000;Transportation;Fort Smith;AR;yes; ;Judy R. McReynolds;
GoDaddy;787;2988.1;137;7024;Technology;Scottsdale;AZ;no; ;Aman Bhutani;
SkyWest;788;2972;340.1;13700;Transportation;St. George;UT;no; ;Russell A. Childs;
Boston Properties;789;2960.6;521.5;760;Financials;Boston;MA;no; ;Owen D. Thomas;
Enable Midstream Partners;790;2960;396;1735;Energy;Oklahoma City;OK;no; ;Rodney J. Sailor;
Middleby;791;2959.4;352.2;9778;Industrials;Elgin;IL;no; ;Timothy J. FitzGerald;
NOW;792;2951;-97;4300;Energy;Houston;TX;no; ;David A. Cherechinsky;
Unisys;793;2948.7;-17.2;20800;Technology;Blue Bell;PA;no; ;Peter A. Altabef;
Visteon;794;2945;70;11000;Motor Vehicles & Parts;Van Buren Township;MI;no; ;Sachin S. Lawande;
Graham Holdings;795;2932.1;327.9;15902;Business Services;Arlington;VA;no; ;;
Resolute Forest Products;796;2923;-47;6700;Materials;Calhoun;TN;no; ;Remi G. Lalonde;
Caleres;797;2921.6;62.8;11400;Retailing;St. Louis;MO;yes; ;Diane M. Sullivan;
AGNC Investment;798;2920;688;51;Financials;Bethesda;MD;no; ;Gary D. Kain;
Hill-Rom Holdings;799;2907.3;152.2;10000;Health Care;Chicago;IL;no; ;John P. Groetelaars;
Moog;800;2904.7;179.7;12809;Aerospace & Defense;East Aurora;NY;no; ;John R. Scannell;
Legg Mason;801;2903.3;-28.5;3246;Financials;Baltimore;MD;no; ;Matthew Nicholls;
Atmos Energy;802;2901.8;511.4;4776;Energy;Dallas;TX;no; ;John K. Akers;
Woodward;803;2900.2;259.6;9023;Aerospace & Defense;Fort Collins;CO;no; ;Thomas A. Gendron;
Palo Alto Networks;804;2899.6;-81.9;7014;Technology;Santa Clara;CA;no; ;Nikesh Arora;
H.B. Fuller;805;2897;130.8;6369;Chemicals;St. Paul;MN;no; ;James J. Owens;
Akamai Technologies;806;2893.6;478;7724;Technology;Cambridge;MA;no; ;F. Thomson Leighton;
Avaya Holdings;807;2887;-671;7900;Technology;Santa Clara;CA;no; ;James M. Chirico Jr.;
Maximus;808;2886.8;240.8;29600;Technology;Reston;VA;no; ;Bruce L. Caswell;
PerkinElmer;809;2883.7;227.6;13000;Technology;Waltham;MA;no; ;Prahlad R. Singh;
Hawaiian Electric Industries;810;2874.6;217.9;3841;Energy;Honolulu;HI;yes; ;Constance H. Lau;
Kansas City Southern;811;2866;538.9;7040;Transportation;Kansas City;MO;no; ;Patrick J. Ottensmeyer;
AptarGroup;812;2859.7;242.2;14000;Materials;Crystal Lake;IL;no; ;Stephan B. Tanda;
Public Storage;813;2846.8;1520.5;5900;Financials;Glendale;CA;no; ;Joseph D. Russell Jr.;
Selective Insurance Group;814;2846.5;271.6;2400;Financials;Branchville;NJ;no; ;John J. Marchioni;
ITT;815;2846.4;325.1;10500;Industrials;White Plains;NY;no; ;Luca Savi;
Donaldson;816;2844.9;267.2;14100;Industrials;Minneapolis;MN;no; ;Tod E. Carpenter;
Park Hotels & Resorts;817;2844;306;488;Financials;Tysons;VA;no; ;Thomas J. Baltimore Jr.;
Kirby;818;2838.4;142.3;5550;Transportation;Houston;TX;no; ;David W. Grzebinski;
Hawaiian Holdings;819;2832.2;224;7437;Transportation;Honolulu;HI;no; ;Peter R. Ingram;
Popular;820;2830.7;671.1;8560;Financials;Hato Rey;PR;no; ;Ignacio Alvarez;
Range Resources;821;2827.6;-1716.3;655;Energy;Fort Worth;TX;no; ;Jeffrey L. Ventura;
PC Connection;822;2820;82.1;2609;Wholesalers;Merrimack;NH;no; ;Timothy J. McGrath;
Amica Mutual Insurance;823;2808.5;173.3;3983;Financials;Lincoln;RI;no; ;Robert A. DiMuccio;
EnerSys;824;2808;160.2;11000;Industrials;Reading;PA;no; ;David M. Shaffer;
Helmerich & Payne;825;2798.5;-33.7;8502;Energy;Tulsa;OK;no; ;John W. Lindsay;
NLV Financial;826;2772.1;223.5;1278;Financials;Montpelier;VT;no; ;Mehran Assadi;
Valmont Industries;827;2767;153.8;9862;Materials;Omaha;NE;no; ;Stephen G. Kaniewski;
PAE;828;2763.9;-49.8;20000;Aerospace & Defense;Falls Church;VA;no; ;John E. Heller;
Texas Roadhouse;829;2756.2;174.5;35554;Hotels, Restaurants & Leisure;Louisville;KY;no; ;W. Kent Taylor;
Cooper Tire & Rubber;830;2752.6;96.4;8720;Motor Vehicles & Parts;Findlay;OH;no; ;Bradley E. Hughes;
Euronet Worldwide;831;2750.1;346.7;7700;Business Services;Leawood;KS;no; ;Michael J. Brown;
Zillow Group;832;2742.8;-305.4;5249;Technology;Seattle;WA;no; ;Richard N. Barton;
Atlas Air Worldwide Holdings;833;2739.2;-293.1;3587;Transportation;Purchase;NY;no; ;John W. Dietrich;
Energizer Holdings;834;2729.6;51.1;7500;Household Products;St. Louis;MO;no; ;Mark S. LaVigne;
Magellan Midstream Partners;835;2727.9;1020.8;1884;Energy;Tulsa;OK;no; ;Michael N. Mears;
Hain Celestial Group;836;2710.6;-183.3;5441;Food, Beverages & Tobacco;Lake Success;NY;no; ;Mark L. Schiller;
Univision Communications;837;2703.8;286.8;4500;Media;New York;NY;no; ;Vincent L. Sadusky;
Equity Residential;838;2701.1;970.4;2700;Financials;Chicago;IL;no; ;Mark J. Parrell;
Allison Transmission Holdings;839;2698;604;3700;Motor Vehicles & Parts;Indianapolis;IN;no; ;David S. Graziosi;
Colony Capital;840;2689.6;-1048.8;400;Financials;Los Angeles;CA;no; ;Marc C. Ganzi;
TTM Technologies;841;2689.3;41.3;25700;Technology;Santa Ana;CA;no; ;Thomas T. Edman;
Clear Channel Outdoor Holdings;842;2683.8;-363.3;5900;Business Services;San Antonio;TX;no; ;C. William Eccleshare;
Guess;843;2678.1;96;15800;Retailing;Los Angeles;CA;no; ;Carlos E. Alberini;
Rent-A-Center;844;2669.9;173.5;14500;Retailing;Plano;TX;no; ;Mitchell E. Fadel;
Take-Two Interactive Software;845;2668.4;333.8;4894;Media;New York;NY;no; ;Strauss Zelnick;
Vishay Intertechnology;846;2668.3;163.9;22400;Technology;Malvern;PA;no; ;Gerald Paul;
TransUnion;847;2656.1;346.9;8000;Business Services;Chicago;IL;no; ;Christopher Cartwright;
Cooper;848;2653.4;466.7;12000;Health Care;San Ramon;CA;no; ;Albert G. White III;
FleetCor Technologies;849;2648.8;895.1;8700;Business Services;Atlanta;GA;no; ;Ronald F. Clarke;
RH;850;2647.4;220.4;4750;Retailing;Corte Madera;CA;no; ;Gary G. Friedman;
Renewable Energy Group;851;2643.2;380.1;829;Energy;Ames;IA;yes; ;Cynthia J. Warner;
BlueLinx Holdings;852;2637.3;-17.7;2189;Wholesalers;Marietta;GA;no; ;Mitchell B. Lewis;
California Resources;853;2634;-28;1250;Energy;Santa Clarita;CA;no; ;Mark A. McFarland;
TopBuild;854;2624.1;191;10400;Engineering & Construction;Daytona Beach;FL;no; ;Robert Buck;
Charles River Laboratories International;855;2621.2;252;17100;Health Care;Wilmington;MA;no; ;James C. Foster;
Comfort Systems USA;856;2615.3;114.3;12000;Engineering & Construction;Houston;TX;no; ;Brian Lane;
Verisk Analytics;857;2607.1;449.9;9180;Business Services;Jersey City;NJ;no; ;Scott G. Stephenson;
ResMed;858;2606.6;404.6;7240;Health Care;San Diego;CA;no; ;Michael J. Farrell;
Teleflex;859;2595.4;461.5;14400;Health Care;Wayne;PA;no; ;Liam J. Kelly;
New Jersey Resources;860;2592;169.5;1108;Energy;Wall;NJ;no; ;Stephen D. Westhoven;
New Residential Investment;861;2585.6;563.3;3387;Financials;New York;NY;no; ;Michael Nierenberg;
Interactive Brokers Group;862;2580;161;1643;Financials;Greenwich;CT;no; ;Milan Galik;
Zayo Group Holdings;863;2578;150;3781;Telecommunications;Boulder;CO;no; ;Daniel P. Caruso;
Herman Miller;864;2567.2;160.5;8000;Household Products;Zeeland;MI;yes; ;Andrea R. Owen;
Grocery Outlet Holding;865;2559.6;15.4;765;Food & Drug Stores;Emeryville;CA;no; ;Eric J. Lindberg Jr.;
J.Crew Group;866;2540.1;-78.8;9400;Retailing;New York;NY;yes; ;Libby Wadle;
Century Communities;867;2535.9;113;1460;Engineering & Construction;Greenwood Village;CO;no; ;Dale Francescon/Robert Francescon;
Caesars Entertainment;868;2528.2;81;15500;Hotels, Restaurants & Leisure;Reno;NV;no; ;Thomas R. Reeg;
Catalent;869;2518;137.4;12300;Health Care;Somerset;NJ;no; ;John R. Chiminski;
Itron;870;2502.5;49;7300;Industrials;Liberty Lake;WA;no; ;Thomas L. Deitrich;
M/I Homes;871;2500.3;127.6;1401;Engineering & Construction;Columbus;OH;no; ;Robert H. Schottenstein;
Cboe Global Markets;872;2496.1;374.9;823;Financials;Chicago;IL;no; ;Edward Tilly;
IDEX;873;2494.6;425.5;7439;Industrials;Lake Forest;IL;no; ;Eric D. Ashleman;
Belden;874;2491.8;-377;7000;Industrials;St. Louis;MO;no; ;Roel Vestjens;
Curtiss-Wright;875;2488;307.6;9100;Industrials;Davidson;NC;yes; ;Lynn M. Bamford;
Cheesecake Factory;876;2482.7;127.3;46250;Hotels, Restaurants & Leisure;Calabasas Hills;CA;no; ;David M. Overton;
Genesis Energy;877;2480.8;96;2177;Energy;Houston;TX;no; ;Grant E. Sims;
GEO Group;878;2477.9;166.6;22000;Business Services;Boca Raton;FL;no; ;George C. Zoley;
Patterson-UTI Energy;879;2470.7;-425.7;5800;Energy;Houston;TX;no; ;William A. Hendricks Jr.;
Werner Enterprises;880;2463.7;166.9;12736;Transportation;Omaha;NE;no; ;Derek J. Leathers;
Ingersoll Rand;881;2451.9;159.1;6600;Industrials;Davidson;NC;no; ;Vicente Reynal;
Verso;882;2444;96;3700;Materials;Miamisburg;OH;no; ;Randy J. Nebel;
Mueller Industries;883;2430.6;101;4964;Industrials;Collierville;TN;no; ;Gregory L. Christopher;
Nu Skin Enterprises;884;2420.4;173.6;24900;Household Products;Provo;UT;no; ;Ritch N. Wood;
Revlon;885;2419.6;-157.7;7100;Household Products;New York;NY;yes; ;Debra G. Perelman;
Arista Networks;886;2410.7;859.9;2300;Technology;Santa Clara;CA;yes; ;Jayshree Ullal;
IDEXX Laboratories;887;2406.9;427.7;9200;Health Care;Westbrook;ME;no; ;Jonathan J. Mazelsky;
Align Technology;888;2406.8;442.8;14530;Health Care;San Jose;CA;no; ;Joseph Hogan;
Waters;889;2406.6;592.2;7467;Technology;Milford;MA;no; ;Udit Batra;
Synovus Financial;890;2406.5;563.8;5389;Financials;Columbus;GA;no; ;Kessel D. Stelling Jr.;
BrightView Holdings;891;2404.6;44.4;21978;Business Services;Blue Bell;PA;no; ;Andrew V. Masterman;
REV Group;892;2403.7;-12.3;8040;Motor Vehicles & Parts;Milwaukee;WI;no; ;Rodney N. Rushing;
Brown & Brown;893;2392.2;398.5;10083;Financials;Daytona Beach;FL;no; ;J. Powell Brown;
Valvoline;894;2390;208;7900;Chemicals;Lexington;KY;no; ;Samuel J. Mitchell Jr.;
Knights of Columbus;895;2387.8;148.3;772;Financials;New Haven;CT;no; ;Carl A. Anderson;
Central Garden & Pet;896;2383;92.8;5550;Household Products;Walnut Creek;CA;no; ;Timothy P. Cofer;
Carpenter Technology;897;2380.2;167;5100;Materials;Philadelphia;PA;no; ;Tony R. Thene;
SLM;898;2380;578.3;1900;Financials;Newark;DE;no; ;Jonathan W. Witter;
Kennametal;899;2375.2;241.9;10395;Industrials;Pittsburgh;PA;no; ;Christopher Rossi;
LCI Industries;900;2371.5;146.5;10500;Motor Vehicles & Parts;Elkhart;IN;no; ;Jason D. Lippert;
TrueBlue;901;2368.8;63.1;6200;Business Services;Tacoma;WA;no; ;A. Patrick Beharelle;
Cimarex Energy;902;2363;-124.6;987;Energy;Denver;CO;no; ;Thomas E. Jorden;
Splunk;903;2358.9;-336.7;5800;Technology;San Francisco;CA;no; ;Douglas S. Merritt;
SiteOne Landscape Supply;904;2357.5;77.7;4416;Wholesalers;Roswell;GA;no; ;Doug Black;
Hexcel;905;2355.7;306.6;6977;Aerospace & Defense;Stamford;CT;no; ;Nick L. Stanage;
FTI Consulting;906;2352.7;216.7;5567;Business Services;Washington;DC;no; ;Steven H. Gunby;
Party City Holdco;907;2348.8;-532.5;14350;Retailing;Elmsford;NY;no; ;Brad Weston;
Ohio National Mutual;908;2340.5;-67.6;1109;Financials;Cincinnati;OH;no; ;Gary T. Huffman;
Patrick Industries;909;2337.1;89.6;7500;Materials;Elkhart;IN;no; ;Andy Nemeth;
Cadence Design Systems;910;2336.3;989;8078;Technology;San Jose;CA;no; ;Lip-Bu Tan;
CDK Global;911;2332.9;124;9000;Technology;Hoffman Estates;IL;no; ;Brian M. Krzanich;
AvalonBay Communities;912;2324.6;786;3122;Financials;Arlington;VA;no; ;Timothy J. Naughton;
Wabash National;913;2319.1;89.6;6900;Motor Vehicles & Parts;Lafayette;IN;no; ;Brent L. Yeagy;
Service Properties Trust;914;2316.1;259.8;600;Financials;Newton;MA;no; ;John G. Murray;
Maxim Integrated Products;915;2314.3;827.5;7131;Technology;San Jose;CA;no; ;;
People's United Financial;916;2312.2;520.4;6305;Financials;Bridgeport;CT;no; ;John P. Barnes;
Bio-Rad Laboratories;917;2311.7;1758.7;8120;Technology;Hercules;CA;no; ;Norman D. Schwartz;
Option Care Health;918;2310.4;-75.9;5492;Health Care;Bannockburn;IL;no; ;John C. Rademacher;
Louisiana-Pacific;919;2310;-5;4800;Materials;Nashville;TN;no; ;W. Bradley Southern;
TEGNA;920;2299.5;286.2;6883;Media;Tysons;VA;no; ;David T. Lougee;
Teradyne;921;2295;467.5;5400;Technology;North Reading;MA;no; ;Mark E. Jagiela;
Arch Resources;922;2294.4;233.8;3700;Energy;St. Louis;MO;no; ;Paul A. Lang;
EPAM Systems;923;2293.8;261.1;36739;Technology;Newtown;PA;no; ;Arkadiy Dobkin;
WPX Energy;924;2292;256;590;Energy;Tulsa;OK;no; ;Richard E. Muncrief;
Alpha Metallurgical Resources;925;2290.5;-316.3;4360;Energy;Bristol;TN;no; ;David J. Stetson;
Ensign Group;926;2285.6;110.5;24500;Health Care;San Juan Capistrano;CA;no; ;Barry R. Port;
First Horizon National;927;2278.4;440.9;4994;Financials;Memphis;TN;no; ;D. Bryan Jordan;
Wolverine World Wide;928;2273.7;128.5;4000;Apparel;Rockford;MI;no; ;Blake W. Krueger;
Vail Resorts;929;2271.6;301.2;23000;Hotels, Restaurants & Leisure;Broomfield;CO;no; ;Robert A. Katz;
Benchmark Electronics;930;2268.1;23.4;10600;Technology;Tempe;AZ;no; ;Jeffrey W. Benck;
HNI;931;2246.9;110.5;8450;Household Products;Muscatine;IA;no; ;Jeffrey D. Lorenger;
F5 Networks;932;2242.4;427.7;5325;Technology;Seattle;WA;no; ;;
Affiliated Managers Group;933;2239.6;15.7;4000;Financials;West Palm Beach;FL;no; ;Jay C. Horgen;
OGE Energy;934;2231.6;433.6;2425;Energy;Oklahoma City;OK;no; ;Sean R. Trauschke;
Universal;935;2227.2;104.1;28000;Food, Beverages & Tobacco;Richmond;VA;no; ;George C. Freeman III;
BOK Financial;936;2226.3;500.8;5107;Financials;Tulsa;OK;no; ;Steven G, Bradshaw;
ManTech International;937;2222.6;113.9;8900;Technology;Herndon;VA;no; ;Kevin M. Phillips;
Summit Materials;938;2222.1;59.1;6000;Materials;Denver;CO;yes; ;Anne P. Noonan;
AMN Healthcare Services;939;2222.1;114;3236;Health Care;Dallas;TX;yes; ;Susan R. Salka;
Groupon;940;2218.9;-22.4;6345;Technology;Chicago;IL;no; ;Aaron Cooper;
Newmark Group;941;2218.1;117.3;5600;Financials;New York;NY;no; ;Barry M. Gosin;
Fossil Group;942;2217.7;-52.4;10200;Apparel;Richardson;TX;no; ;Kosta N. Kartsotis;
Modine Manufacturing;943;2212.7;84.8;12200;Motor Vehicles & Parts;Racine;WI;no; ;Neil D. Brinker;
Griffon;944;2209.3;37.3;7300;Materials;New York;NY;no; ;Ronald J. Kramer;
Cypress Semiconductor;945;2205.3;40.4;5871;Technology;San Jose;CA;no; ;Robert LeFort;
Generac Holdings;946;2204.3;252;5551;Industrials;Waukesha;WI;no; ;Aaron Jagdfeld;
Matson;947;2203.1;82.7;1988;Transportation;Honolulu;HI;no; ;Matthew J. Cox;
Genesco;948;2197.1;61.4;13850;Retailing;Nashville;TN;yes; ;Mimi Eckel Vaughn;
Nordson;949;2194.2;337.1;7579;Industrials;Westlake;OH;no; ;Sundaram Nagarajan;
NewMarket;950;2190.3;254.3;2118;Chemicals;Richmond;VA;no; ;Thomas E. Gottwald;
Echo Global Logistics;951;2185;14.8;2539;Transportation;Chicago;IL;no; ;Douglas R. Waggoner;
Rexnord;952;2175.2;34.3;6700;Industrials;Milwaukee;WI;no; ;Todd A. Adams;
Incyte;953;2158.8;446.9;1456;Health Care;Wilmington;DE;no; ;;
Fortinet;954;2156.2;326.5;7082;Technology;Sunnyvale;CA;no; ;Ken Xie;
Foundation Building Materials;955;2154.5;40.2;3500;Wholesalers;Santa Ana;CA;no; ;Ruben D. Mendoza;
AAR;956;2147.6;7.5;5650;Aerospace & Defense;Wood Dale;IL;no; ;John M. Holmes;
Centric Brands;957;2146.5;-273.5;3250;Apparel;New York;NY;no; ;Jason Rabin;
Edgewell Personal Care;958;2141;-372.2;6000;Household Products;Shelton;CT;no; ;Rod R. Little;
Federated Mutual Insurance;959;2134.5;229.6;2638;Financials;Owatonna;MN;no; ;Michael G. Kerr;
Schnitzer Steel Industries;960;2132.8;56.3;3363;Materials;Portland;OR;yes; ;Tamara L. Lundgren;
Portland General Electric;961;2123;214;2949;Energy;Portland;OR;yes; ;Maria M. Pope;
Gray Television;962;2122;179;7465;Media;Atlanta;GA;no; ;Hilton H. Howell Jr.;
BGC Partners;963;2104.2;55.7;5200;Financials;New York;NY;no; ;Howard W. Lutnick;
EchoStar;964;2098.3;-62.9;2300;Technology;Englewood;CO;no; ;Michael T. Dugan;
Beazer Homes USA;965;2087.8;-79.5;1205;Engineering & Construction;Atlanta;GA;no; ;Allan P. Merrill;
LHC Group;966;2080.2;95.7;22785;Health Care;Lafayette;LA;no; ;Keith G. Myers;
ServiceMaster Global Holdings;967;2077;128;12000;Business Services;Memphis;TN;no; ;Brett T. Ponton;
Bruker;968;2072.6;197.2;7230;Technology;Billerica;MA;no; ;Frank H. Laukien;
Oasis Petroleum;969;2071.7;-128.2;609;Energy;Houston;TX;no; ;Douglas E. Brooks;
CrossAmerica Partners;970;2071.4;18.1;548;Energy;Allentown;PA;no; ;Charles M. Nifong Jr.;
MYR Group;971;2071.2;37.7;7100;Engineering & Construction;Rolling Meadows;IL;no; ;Richard Swartz Jr.;
Viasat;972;2068.3;-67.6;5600;Technology;Carlsbad;CA;no; ;Richard A. Baldridge;
GNC Holdings;973;2068.2;-35.1;8400;Food & Drug Stores;Pittsburgh;PA;no; ;Kenneth A. Martindale;
Cabot Oil & Gas;974;2066.3;681.1;547;Energy;Houston;TX;no; ;Dan Dinges;
Bright Horizons Family Solutions;975;2062;180.4;33800;Business Services;Watertown;MA;no; ;Stephen H. Kramer;
Vista Outdoor;976;2058.5;-648.4;5200;Household Products;Anoka;MN;no; ;Christopher T. Metz;
HEICO;977;2055.6;327.9;5900;Aerospace & Defense;Hollywood;FL;no; ;Laurans A. Mendelson;
Wyndham Hotels & Resorts;978;2053;157;14200;Hotels, Restaurants & Leisure;Parsippany;NJ;no; ;Geoffrey A. Ballotti;
TCF Financial;979;2052.8;295.5;7732;Financials;Detroit;MI;no; ;David T. Provost;
Primerica;980;2052.5;366.4;2502;Financials;Duluth;GA;no; ;Glenn J. Williams;
ProPetro Holding;981;2052.3;163;1579;Energy;Midland;TX;no; ;Phillip A. Gobe;
Oceaneering International;982;2048.1;-348.4;9100;Energy;Houston;TX;no; ;Roderick A. Larson;
Floor & Decor Holdings;983;2045.5;150.6;6336;Retailing;Atlanta;GA;no; ;Thomas Taylor Jr.;
Copart;984;2042;591.7;7327;Retailing;Dallas;TX;no; ;A. Jayson Adair;
Chico's FAS;985;2037.9;-12.8;10944;Retailing;Fort Myers;FL;yes; ;Molly Langenstein;
Barnes & Noble Education;986;2034.6;-24.4;12400;Retailing;Basking Ridge;NJ;no; ;Michael P. Huseby;
Maxar Technologies;987;2033;109;5800;Aerospace & Defense;Westminster;CO;no; ;Daniel L. Jablonsky;
Evercore;988;2028.8;297.4;1900;Financials;New York;NY;no; ;Ralph L. Schlosstein/John S. Weinberg;
Deckers Outdoor;989;2020.4;264.3;3500;Apparel;Goleta;CA;no; ;David Powers;
Express;990;2019.2;-164.4;9160;Retailing;Columbus;OH;no; ;Timothy G. Baxter;
Hovnanian Enterprises;991;2016.9;-42.1;1868;Engineering & Construction;Matawan;NJ;no; ;Ara K. Hovnanian;
Air Lease;992;2016.9;587.1;117;Business Services;Los Angeles;CA;no; ;John L. Plueger;
Rollins;993;2015.5;203.3;14952;Business Services;Atlanta;GA;no; ;Gary W. Rollins;
SBA Communications;994;2014.6;147;1475;Financials;Boca Raton;FL;no; ;Jeffrey A. Stoops;
Deluxe;995;2008.7;-199.9;6352;Media;Shoreview;MN;no; ;Barry C. McCarthy;
Mr. Cooper Group;996;2007;274;9100;Financials;Coppell;TX;no; ;Jay Bray;
Herc Holdings;997;1999;47.5;5100;Business Services;Bonita Springs;FL;no; ;Lawrence H. Silber;
Healthpeak Properties;998;1997.4;45.5;204;Financials;Irvine;CA;no; ;Thomas M. Herzog;
SPX FLOW;999;1996.3;-95.1;5000;Industrials;Charlotte;NC;no; ;Marcus G. Michael;
Liberty Oilfield Services;1000;1990.3;39;2571;Energy;Denver;CO;no; ;Christopher A. Wright;
